time,SST
UTC,degree_C
1981-04-01T00:00:00Z,9.853
1981-05-01T00:00:00Z,10.194
1981-06-01T00:00:00Z,10.321
1981-07-01T00:00:00Z,10.739
1981-08-01T00:00:00Z,12.208
1981-09-01T00:00:00Z,12.626
1981-10-01T00:00:00Z,14.867
1981-11-01T00:00:00Z,14.198
1981-12-01T00:00:00Z,13.005
1982-01-01T00:00:00Z,11.828
1982-02-01T00:00:00Z,12.0
1982-03-01T00:00:00Z,11.82
1982-04-01T00:00:00Z,11.909
1982-05-01T00:00:00Z,10.039
1982-06-01T00:00:00Z,11.871
1982-07-01T00:00:00Z,12.691
1982-08-01T00:00:00Z,12.77
1982-09-01T00:00:00Z,13.841
1982-10-01T00:00:00Z,14.987
1982-11-01T00:00:00Z,14.466
1982-12-01T00:00:00Z,13.582
1983-01-01T00:00:00Z,13.221
1983-02-01T00:00:00Z,13.489
1983-03-01T00:00:00Z,13.322
1983-04-01T00:00:00Z,12.517
1983-05-01T00:00:00Z,12.103
1983-06-01T00:00:00Z,12.296
1983-07-01T00:00:00Z,13.046
1983-08-01T00:00:00Z,13.984
1983-09-01T00:00:00Z,15.191
1983-10-01T00:00:00Z,15.235
1983-11-01T00:00:00Z,14.795
1983-12-01T00:00:00Z,12.914
1984-01-01T00:00:00Z,12.349
1984-02-01T00:00:00Z,11.89
1984-03-01T00:00:00Z,11.696
1984-04-01T00:00:00Z,10.258
1984-05-01T00:00:00Z,11.955
1984-06-01T00:00:00Z,10.393
1984-07-01T00:00:00Z,12.189
1984-08-01T00:00:00Z,12.66
1984-09-01T00:00:00Z,13.048
1984-10-01T00:00:00Z,12.909
1984-11-01T00:00:00Z,12.589
1984-12-01T00:00:00Z,11.877
1985-01-01T00:00:00Z,11.662
1985-02-01T00:00:00Z,10.687
1985-03-01T00:00:00Z,9.757
1985-04-01T00:00:00Z,10.084
1985-05-01T00:00:00Z,10.651
1985-06-01T00:00:00Z,11.609
1985-07-01T00:00:00Z,11.84
1985-09-01T00:00:00Z,13.288
1985-10-01T00:00:00Z,12.257
1985-11-01T00:00:00Z,10.735
1985-12-01T00:00:00Z,11.757
1986-01-01T00:00:00Z,11.597
1986-02-01T00:00:00Z,12.024
1986-03-01T00:00:00Z,12.345
1986-04-01T00:00:00Z,9.985
1986-05-01T00:00:00Z,10.137
1986-06-01T00:00:00Z,11.843
1986-07-01T00:00:00Z,11.323
1986-08-01T00:00:00Z,12.294
1986-09-01T00:00:00Z,13.536
1986-10-01T00:00:00Z,13.009
1986-11-01T00:00:00Z,12.702
1986-12-01T00:00:00Z,12.807
1987-01-01T00:00:00Z,12.22
1987-02-01T00:00:00Z,11.849
1987-03-01T00:00:00Z,11.321
1987-04-01T00:00:00Z,11.119
1987-05-01T00:00:00Z,11.777
1987-06-01T00:00:00Z,11.515
1987-07-01T00:00:00Z,12.778
1987-08-01T00:00:00Z,12.78
1987-09-01T00:00:00Z,13.357
1987-10-01T00:00:00Z,14.741
1987-11-01T00:00:00Z,13.946
1987-12-01T00:00:00Z,12.469
1988-01-01T00:00:00Z,11.366
1988-02-01T00:00:00Z,11.055
1988-03-01T00:00:00Z,10.969
1988-04-01T00:00:00Z,10.902
1988-05-01T00:00:00Z,11.456
1988-06-01T00:00:00Z,11.491
1988-07-01T00:00:00Z,11.133
1988-08-01T00:00:00Z,12.722
1988-09-01T00:00:00Z,12.426
1989-01-01T00:00:00Z,9.904
1989-02-01T00:00:00Z,10.164
1989-03-01T00:00:00Z,10.627
1989-04-01T00:00:00Z,11.842
1989-06-01T00:00:00Z,11.451
1989-07-01T00:00:00Z,10.856
1989-08-01T00:00:00Z,11.614
1989-09-01T00:00:00Z,12.595
1989-10-01T00:00:00Z,12.398
1989-11-01T00:00:00Z,12.224
1989-12-01T00:00:00Z,12.579
1990-01-01T00:00:00Z,11.525
1990-02-01T00:00:00Z,10.814
1990-03-01T00:00:00Z,10.639
1990-04-01T00:00:00Z,11.022
1990-05-01T00:00:00Z,10.834
1990-06-01T00:00:00Z,11.429
1990-07-01T00:00:00Z,12.9
1990-08-01T00:00:00Z,12.807
1990-09-01T00:00:00Z,15.364
1990-10-01T00:00:00Z,11.981
1990-11-01T00:00:00Z,11.96
1990-12-01T00:00:00Z,10.878
1991-01-01T00:00:00Z,10.65
1991-02-01T00:00:00Z,11.367
1991-03-01T00:00:00Z,10.806
1991-04-01T00:00:00Z,10.446
1991-05-01T00:00:00Z,9.567
1991-06-01T00:00:00Z,9.919
1991-07-01T00:00:00Z,11.878
1991-08-01T00:00:00Z,13.986
1991-09-01T00:00:00Z,13.459
1991-12-01T00:00:00Z,11.654
1992-01-01T00:00:00Z,12.08
1992-06-01T00:00:00Z,14.537
1992-07-01T00:00:00Z,13.689
1992-08-01T00:00:00Z,12.738
1992-09-01T00:00:00Z,13.36
1992-10-01T00:00:00Z,14.57
1992-11-01T00:00:00Z,13.04
1992-12-01T00:00:00Z,12.34
1993-01-01T00:00:00Z,11.791
1993-05-01T00:00:00Z,14.04
1993-06-01T00:00:00Z,11.787
1993-07-01T00:00:00Z,10.837
1993-08-01T00:00:00Z,12.751
1993-09-01T00:00:00Z,12.747
1993-10-01T00:00:00Z,12.795
1993-11-01T00:00:00Z,12.481
1993-12-01T00:00:00Z,12.348
1994-01-01T00:00:00Z,12.182
1994-02-01T00:00:00Z,12.045
1994-03-01T00:00:00Z,11.863
1994-04-01T00:00:00Z,10.916
1994-05-01T00:00:00Z,10.588
1994-06-01T00:00:00Z,10.475
1994-07-01T00:00:00Z,10.951
1994-08-01T00:00:00Z,11.453
1994-09-01T00:00:00Z,13.543
1994-10-01T00:00:00Z,12.428
1994-11-01T00:00:00Z,11.218
1994-12-01T00:00:00Z,11.241
1995-01-01T00:00:00Z,11.597
1995-02-01T00:00:00Z,12.176
1995-03-01T00:00:00Z,12.414
1995-04-01T00:00:00Z,11.468
1995-05-01T00:00:00Z,10.549
1995-06-01T00:00:00Z,9.752
1995-08-01T00:00:00Z,12.365
1995-09-01T00:00:00Z,13.63
1995-10-01T00:00:00Z,12.471
1995-11-01T00:00:00Z,13.486
1995-12-01T00:00:00Z,13.727
1996-01-01T00:00:00Z,12.963
1996-02-01T00:00:00Z,13.066
1996-03-01T00:00:00Z,11.784
1996-04-01T00:00:00Z,11.919
1996-05-01T00:00:00Z,10.908
1996-06-01T00:00:00Z,10.064
1996-07-01T00:00:00Z,12.167
1996-08-01T00:00:00Z,11.926
1996-09-01T00:00:00Z,12.74
1996-10-01T00:00:00Z,13.08
1996-11-01T00:00:00Z,12.446
1996-12-01T00:00:00Z,12.746
1997-01-01T00:00:00Z,11.984
1997-02-01T00:00:00Z,11.477
1997-03-01T00:00:00Z,10.518
1997-04-01T00:00:00Z,10.972
1997-05-01T00:00:00Z,13.717
1997-06-01T00:00:00Z,12.53
1997-07-01T00:00:00Z,12.257
1997-08-01T00:00:00Z,15.243
1997-09-01T00:00:00Z,15.39
1997-10-01T00:00:00Z,13.618
1997-11-01T00:00:00Z,15.484
1997-12-01T00:00:00Z,14.597
1998-01-01T00:00:00Z,14.157
1998-02-01T00:00:00Z,13.625
1998-03-01T00:00:00Z,12.471
1998-04-01T00:00:00Z,11.539
1998-05-01T00:00:00Z,12.464
1998-06-01T00:00:00Z,12.451
1998-07-01T00:00:00Z,12.475
1998-08-01T00:00:00Z,11.925
1998-09-01T00:00:00Z,12.848
1998-10-01T00:00:00Z,13.065
1998-11-01T00:00:00Z,12.542
1999-10-01T00:00:00Z,11.982
1999-11-01T00:00:00Z,12.62
1999-12-01T00:00:00Z,11.502
2000-01-01T00:00:00Z,10.714
2000-02-01T00:00:00Z,11.356
2000-03-01T00:00:00Z,10.299
2000-04-01T00:00:00Z,11.082
2000-05-01T00:00:00Z,11.07
2000-06-01T00:00:00Z,11.615
2000-07-01T00:00:00Z,11.158
2000-08-01T00:00:00Z,10.842
2000-09-01T00:00:00Z,13.025
2000-10-01T00:00:00Z,12.176
2000-11-01T00:00:00Z,11.828
2000-12-01T00:00:00Z,12.195
2001-01-01T00:00:00Z,11.205
2001-02-01T00:00:00Z,10.014
2001-03-01T00:00:00Z,10.546
2001-04-01T00:00:00Z,9.921
2001-05-01T00:00:00Z,10.34
2001-06-01T00:00:00Z,10.529
2001-07-01T00:00:00Z,10.629
2001-08-01T00:00:00Z,12.296
2001-09-01T00:00:00Z,13.074
2001-10-01T00:00:00Z,11.805
2001-11-01T00:00:00Z,11.887
2001-12-01T00:00:00Z,11.653
2002-02-01T00:00:00Z,10.955
2002-03-01T00:00:00Z,10.738
2002-04-01T00:00:00Z,10.423
2002-05-01T00:00:00Z,10.649
2002-06-01T00:00:00Z,10.266
2002-07-01T00:00:00Z,11.008
2002-08-01T00:00:00Z,12.011
2002-09-01T00:00:00Z,12.415
2002-10-01T00:00:00Z,12.161
2002-11-01T00:00:00Z,12.58
2002-12-01T00:00:00Z,12.569
2003-01-01T00:00:00Z,12.473
2003-02-01T00:00:00Z,12.206
2003-03-01T00:00:00Z,11.657
2003-04-01T00:00:00Z,11.366
2003-05-01T00:00:00Z,10.437
2003-06-01T00:00:00Z,10.304
2003-07-01T00:00:00Z,10.35
2003-08-01T00:00:00Z,13.356
2003-09-01T00:00:00Z,12.329
2003-10-01T00:00:00Z,12.176
2003-11-01T00:00:00Z,11.894
2003-12-01T00:00:00Z,12.099
2004-01-01T00:00:00Z,11.756
2004-02-01T00:00:00Z,11.51
2004-03-01T00:00:00Z,11.062
2004-04-01T00:00:00Z,11.426
2004-05-01T00:00:00Z,11.968
2004-06-01T00:00:00Z,10.602
2004-07-01T00:00:00Z,13.308
2004-08-01T00:00:00Z,13.795
2004-09-01T00:00:00Z,12.487
2004-10-01T00:00:00Z,12.834
2004-11-01T00:00:00Z,12.76
2004-12-01T00:00:00Z,12.197
2005-01-01T00:00:00Z,12.267
2005-02-01T00:00:00Z,12.423
2005-03-01T00:00:00Z,12.886
2005-04-01T00:00:00Z,11.944
2005-05-01T00:00:00Z,12.929
2005-06-01T00:00:00Z,10.989
2005-07-01T00:00:00Z,11.867
2005-08-01T00:00:00Z,11.817
2005-09-01T00:00:00Z,12.23
2005-10-01T00:00:00Z,12.47
2005-11-01T00:00:00Z,12.412
2005-12-01T00:00:00Z,13.022
2006-01-01T00:00:00Z,12.686
2006-02-01T00:00:00Z,11.76
2006-03-01T00:00:00Z,11.381
2006-04-01T00:00:00Z,11.97
2006-09-01T00:00:00Z,11.585
2006-10-01T00:00:00Z,13.379
2006-11-01T00:00:00Z,13.124
2006-12-01T00:00:00Z,12.105
2007-01-01T00:00:00Z,10.82
2007-02-01T00:00:00Z,11.012
2007-03-01T00:00:00Z,10.793
2007-04-01T00:00:00Z,10.126
2007-05-01T00:00:00Z,10.109
2007-06-01T00:00:00Z,10.749
2007-08-01T00:00:00Z,14.174
2007-09-01T00:00:00Z,13.545
2007-10-01T00:00:00Z,13.274
2007-11-01T00:00:00Z,12.049
2007-12-01T00:00:00Z,10.493
2008-01-01T00:00:00Z,10.322
2008-02-01T00:00:00Z,10.374
2008-03-01T00:00:00Z,9.904
2008-04-01T00:00:00Z,9.3
2008-05-01T00:00:00Z,9.65
2008-06-01T00:00:00Z,9.242
2008-07-01T00:00:00Z,11.601
2008-08-01T00:00:00Z,11.691
2008-09-01T00:00:00Z,12.943
2008-10-01T00:00:00Z,11.854
2008-11-01T00:00:00Z,12.803
2008-12-01T00:00:00Z,11.521
2009-01-01T00:00:00Z,10.93
2009-02-01T00:00:00Z,10.497
2009-03-01T00:00:00Z,10.323
2009-04-01T00:00:00Z,9.141
2009-05-01T00:00:00Z,9.912
2009-06-01T00:00:00Z,11.414
2009-07-01T00:00:00Z,11.086
2009-08-01T00:00:00Z,12.443
2009-09-01T00:00:00Z,13.363
2009-10-01T00:00:00Z,11.948
2009-11-01T00:00:00Z,11.965
2009-12-01T00:00:00Z,11.455
2010-01-01T00:00:00Z,12.108
2010-02-01T00:00:00Z,12.024
2010-03-01T00:00:00Z,11.732
2010-04-01T00:00:00Z,11.052
2010-05-01T00:00:00Z,10.131
2010-06-01T00:00:00Z,10.204
2010-07-01T00:00:00Z,10.933
2010-08-01T00:00:00Z,10.987
2010-09-01T00:00:00Z,11.989
2010-10-01T00:00:00Z,11.667
2010-11-01T00:00:00Z,12.109
2010-12-01T00:00:00Z,12.328
2011-01-01T00:00:00Z,11.133
2011-02-01T00:00:00Z,10.359
2011-07-01T00:00:00Z,13.857
2011-08-01T00:00:00Z,11.647
2011-09-01T00:00:00Z,12.031
2011-10-01T00:00:00Z,13.231
2011-11-01T00:00:00Z,12.074
2011-12-01T00:00:00Z,10.791
2012-01-01T00:00:00Z,10.922
2012-02-01T00:00:00Z,10.327
2012-03-01T00:00:00Z,9.882
2012-04-01T00:00:00Z,10.913
2012-05-01T00:00:00Z,10.019
2012-06-01T00:00:00Z,10.589
2012-07-01T00:00:00Z,11.087
2012-08-01T00:00:00Z,11.317
2012-09-01T00:00:00Z,12.135
2012-10-01T00:00:00Z,14.165
2012-11-01T00:00:00Z,14.626
2012-12-01T00:00:00Z,12.559
2013-01-01T00:00:00Z,10.82
2013-02-01T00:00:00Z,9.844
2013-03-01T00:00:00Z,9.605
2013-04-01T00:00:00Z,10.01
2013-05-01T00:00:00Z,10.91
2013-06-01T00:00:00Z,11.037
2013-07-01T00:00:00Z,11.352
2013-08-01T00:00:00Z,13.171
2013-09-01T00:00:00Z,13.911
2013-10-01T00:00:00Z,11.048
2013-11-01T00:00:00Z,12.924
2013-12-01T00:00:00Z,11.288
2014-01-01T00:00:00Z,11.323
2014-02-01T00:00:00Z,11.639
2014-03-01T00:00:00Z,11.724
2014-04-01T00:00:00Z,11.794
2014-05-01T00:00:00Z,11.643
2014-06-01T00:00:00Z,10.926
2014-07-01T00:00:00Z,13.143
2014-08-01T00:00:00Z,13.608
2014-09-01T00:00:00Z,15.655
2014-10-01T00:00:00Z,15.16
2014-11-01T00:00:00Z,15.797
2014-12-01T00:00:00Z,15.517
2015-03-01T00:00:00Z,12.538
2015-04-01T00:00:00Z,10.997
2015-05-01T00:00:00Z,10.547
2015-06-01T00:00:00Z,11.78
2015-07-01T00:00:00Z,13.871
2015-10-01T00:00:00Z,16.107
2015-11-01T00:00:00Z,13.157
2015-12-01T00:00:00Z,12.994
2016-01-01T00:00:00Z,12.892
2016-02-01T00:00:00Z,13.222
2016-03-01T00:00:00Z,12.984
2016-04-01T00:00:00Z,12.004
2016-05-01T00:00:00Z,11.584
2016-06-01T00:00:00Z,11.631
2018-06-01T00:00:00Z,11.183
2018-07-01T00:00:00Z,13.175
2018-08-01T00:00:00Z,12.188
2018-09-01T00:00:00Z,12.803
2018-10-01T00:00:00Z,14.653
