time,MEI
UTC,
1950-01-01T00:00:00Z,-1.03
1950-02-01T00:00:00Z,-1.133
1950-03-01T00:00:00Z,-1.283
1950-04-01T00:00:00Z,-1.071
1950-05-01T00:00:00Z,-1.434
1950-06-01T00:00:00Z,-1.412
1950-07-01T00:00:00Z,-1.269
1950-08-01T00:00:00Z,-1.042
1950-09-01T00:00:00Z,-0.597
1950-10-01T00:00:00Z,-0.406
1950-11-01T00:00:00Z,-1.138
1950-12-01T00:00:00Z,-1.235
1951-01-01T00:00:00Z,-1.049
1951-02-01T00:00:00Z,-1.152
1951-03-01T00:00:00Z,-1.178
1951-04-01T00:00:00Z,-0.511
1951-05-01T00:00:00Z,-0.374
1951-06-01T00:00:00Z,0.288
1951-07-01T00:00:00Z,0.679
1951-08-01T00:00:00Z,0.818
1951-09-01T00:00:00Z,0.773
1951-10-01T00:00:00Z,0.768
1951-11-01T00:00:00Z,0.726
1951-12-01T00:00:00Z,0.504
1952-01-01T00:00:00Z,0.433
1952-02-01T00:00:00Z,0.138
1952-03-01T00:00:00Z,0.071
1952-04-01T00:00:00Z,0.224
1952-05-01T00:00:00Z,-0.307
1952-06-01T00:00:00Z,-0.756
1952-07-01T00:00:00Z,-0.305
1952-08-01T00:00:00Z,-0.374
1952-09-01T00:00:00Z,0.347
1952-10-01T00:00:00Z,0.306
1952-11-01T00:00:00Z,-0.328
1952-12-01T00:00:00Z,-0.098
1953-01-01T00:00:00Z,0.044
1953-02-01T00:00:00Z,0.401
1953-03-01T00:00:00Z,0.277
1953-04-01T00:00:00Z,0.687
1953-05-01T00:00:00Z,0.756
1953-06-01T00:00:00Z,0.191
1953-07-01T00:00:00Z,0.382
1953-08-01T00:00:00Z,0.209
1953-09-01T00:00:00Z,0.527
1953-10-01T00:00:00Z,0.124
1953-11-01T00:00:00Z,0.099
1953-12-01T00:00:00Z,0.351
1954-01-01T00:00:00Z,-0.036
1954-02-01T00:00:00Z,-0.027
1954-03-01T00:00:00Z,0.154
1954-04-01T00:00:00Z,-0.616
1954-05-01T00:00:00Z,-1.465
1954-06-01T00:00:00Z,-1.558
1954-07-01T00:00:00Z,-1.355
1954-08-01T00:00:00Z,-1.456
1954-09-01T00:00:00Z,-1.138
1954-10-01T00:00:00Z,-1.32
1954-11-01T00:00:00Z,-1.113
1954-12-01T00:00:00Z,-1.088
1955-01-01T00:00:00Z,-0.74
1955-02-01T00:00:00Z,-0.669
1955-03-01T00:00:00Z,-1.117
1955-04-01T00:00:00Z,-1.621
1955-05-01T00:00:00Z,-1.653
1955-06-01T00:00:00Z,-2.247
1955-07-01T00:00:00Z,-1.976
1955-08-01T00:00:00Z,-2.05
1955-09-01T00:00:00Z,-1.803
1955-10-01T00:00:00Z,-1.725
1955-11-01T00:00:00Z,-1.813
1955-12-01T00:00:00Z,-1.846
1956-01-01T00:00:00Z,-1.408
1956-02-01T00:00:00Z,-1.275
1956-03-01T00:00:00Z,-1.371
1956-04-01T00:00:00Z,-1.216
1956-05-01T00:00:00Z,-1.304
1956-06-01T00:00:00Z,-1.523
1956-07-01T00:00:00Z,-1.244
1956-08-01T00:00:00Z,-1.118
1956-09-01T00:00:00Z,-1.327
1956-10-01T00:00:00Z,-1.461
1956-11-01T00:00:00Z,-1.014
1956-12-01T00:00:00Z,-0.993
1957-01-01T00:00:00Z,-0.915
1957-02-01T00:00:00Z,-0.348
1957-03-01T00:00:00Z,0.108
1957-04-01T00:00:00Z,0.383
1957-05-01T00:00:00Z,0.813
1957-06-01T00:00:00Z,0.73
1957-07-01T00:00:00Z,0.926
1957-08-01T00:00:00Z,1.132
1957-09-01T00:00:00Z,1.158
1957-10-01T00:00:00Z,1.114
1957-11-01T00:00:00Z,1.167
1957-12-01T00:00:00Z,1.268
1958-01-01T00:00:00Z,1.473
1958-02-01T00:00:00Z,1.454
1958-03-01T00:00:00Z,1.313
1958-04-01T00:00:00Z,0.991
1958-05-01T00:00:00Z,0.673
1958-06-01T00:00:00Z,0.812
1958-07-01T00:00:00Z,0.7
1958-08-01T00:00:00Z,0.421
1958-09-01T00:00:00Z,0.209
1958-10-01T00:00:00Z,0.237
1958-11-01T00:00:00Z,0.501
1958-12-01T00:00:00Z,0.691
1959-01-01T00:00:00Z,0.553
1959-02-01T00:00:00Z,0.81
1959-03-01T00:00:00Z,0.502
1959-04-01T00:00:00Z,0.202
1959-05-01T00:00:00Z,-0.025
1959-06-01T00:00:00Z,-0.062
1959-07-01T00:00:00Z,-0.112
1959-08-01T00:00:00Z,0.111
1959-09-01T00:00:00Z,0.126
1959-10-01T00:00:00Z,-0.038
1959-11-01T00:00:00Z,-0.151
1959-12-01T00:00:00Z,-0.247
1960-01-01T00:00:00Z,-0.287
1960-02-01T00:00:00Z,-0.253
1960-03-01T00:00:00Z,-0.082
1960-04-01T00:00:00Z,0.007
1960-05-01T00:00:00Z,-0.322
1960-06-01T00:00:00Z,-0.287
1960-07-01T00:00:00Z,-0.318
1960-08-01T00:00:00Z,-0.25
1960-09-01T00:00:00Z,-0.439
1960-10-01T00:00:00Z,-0.332
1960-11-01T00:00:00Z,-0.308
1960-12-01T00:00:00Z,-0.39
1961-01-01T00:00:00Z,-0.15
1961-02-01T00:00:00Z,-0.235
1961-03-01T00:00:00Z,-0.073
1961-04-01T00:00:00Z,0.017
1961-05-01T00:00:00Z,-0.302
1961-06-01T00:00:00Z,-0.185
1961-07-01T00:00:00Z,-0.208
1961-08-01T00:00:00Z,-0.3
1961-09-01T00:00:00Z,-0.271
1961-10-01T00:00:00Z,-0.51
1961-11-01T00:00:00Z,-0.416
1961-12-01T00:00:00Z,-0.608
1962-01-01T00:00:00Z,-1.065
1962-02-01T00:00:00Z,-0.963
1962-03-01T00:00:00Z,-0.692
1962-04-01T00:00:00Z,-1.04
1962-05-01T00:00:00Z,-0.89
1962-06-01T00:00:00Z,-0.87
1962-07-01T00:00:00Z,-0.683
1962-08-01T00:00:00Z,-0.538
1962-09-01T00:00:00Z,-0.528
1962-10-01T00:00:00Z,-0.642
1962-11-01T00:00:00Z,-0.598
1962-12-01T00:00:00Z,-0.482
1963-01-01T00:00:00Z,-0.718
1963-02-01T00:00:00Z,-0.837
1963-03-01T00:00:00Z,-0.675
1963-04-01T00:00:00Z,-0.761
1963-05-01T00:00:00Z,-0.473
1963-06-01T00:00:00Z,-0.144
1963-07-01T00:00:00Z,0.404
1963-08-01T00:00:00Z,0.59
1963-09-01T00:00:00Z,0.778
1963-10-01T00:00:00Z,0.848
1963-11-01T00:00:00Z,0.866
1963-12-01T00:00:00Z,0.765
1964-01-01T00:00:00Z,0.878
1964-02-01T00:00:00Z,0.481
1964-03-01T00:00:00Z,-0.256
1964-04-01T00:00:00Z,-0.545
1964-05-01T00:00:00Z,-1.234
1964-06-01T00:00:00Z,-1.15
1964-07-01T00:00:00Z,-1.384
1964-08-01T00:00:00Z,-1.486
1964-09-01T00:00:00Z,-1.284
1964-10-01T00:00:00Z,-1.196
1964-11-01T00:00:00Z,-1.211
1964-12-01T00:00:00Z,-0.907
1965-01-01T00:00:00Z,-0.536
1965-02-01T00:00:00Z,-0.329
1965-03-01T00:00:00Z,-0.259
1965-04-01T00:00:00Z,0.086
1965-05-01T00:00:00Z,0.464
1965-06-01T00:00:00Z,0.867
1965-07-01T00:00:00Z,1.367
1965-08-01T00:00:00Z,1.425
1965-09-01T00:00:00Z,1.43
1965-10-01T00:00:00Z,1.25
1965-11-01T00:00:00Z,1.378
1965-12-01T00:00:00Z,1.27
1966-01-01T00:00:00Z,1.307
1966-02-01T00:00:00Z,1.186
1966-03-01T00:00:00Z,0.689
1966-04-01T00:00:00Z,0.515
1966-05-01T00:00:00Z,-0.178
1966-06-01T00:00:00Z,-0.193
1966-07-01T00:00:00Z,-0.116
1966-08-01T00:00:00Z,0.152
1966-09-01T00:00:00Z,-0.06
1966-10-01T00:00:00Z,-0.018
1966-11-01T00:00:00Z,0.022
1966-12-01T00:00:00Z,-0.181
1967-01-01T00:00:00Z,-0.462
1967-02-01T00:00:00Z,-0.898
1967-03-01T00:00:00Z,-1.05
1967-04-01T00:00:00Z,-1.03
1967-05-01T00:00:00Z,-0.448
1967-06-01T00:00:00Z,-0.236
1967-07-01T00:00:00Z,-0.492
1967-08-01T00:00:00Z,-0.391
1967-09-01T00:00:00Z,-0.601
1967-10-01T00:00:00Z,-0.655
1967-11-01T00:00:00Z,-0.407
1967-12-01T00:00:00Z,-0.357
1968-01-01T00:00:00Z,-0.602
1968-02-01T00:00:00Z,-0.727
1968-03-01T00:00:00Z,-0.635
1968-04-01T00:00:00Z,-0.944
1968-05-01T00:00:00Z,-1.093
1968-06-01T00:00:00Z,-0.812
1968-07-01T00:00:00Z,-0.503
1968-08-01T00:00:00Z,-0.104
1968-09-01T00:00:00Z,0.244
1968-10-01T00:00:00Z,0.46
1968-11-01T00:00:00Z,0.607
1968-12-01T00:00:00Z,0.367
1969-01-01T00:00:00Z,0.67
1969-02-01T00:00:00Z,0.849
1969-03-01T00:00:00Z,0.458
1969-04-01T00:00:00Z,0.622
1969-05-01T00:00:00Z,0.674
1969-06-01T00:00:00Z,0.801
1969-07-01T00:00:00Z,0.49
1969-08-01T00:00:00Z,0.212
1969-09-01T00:00:00Z,0.2
1969-10-01T00:00:00Z,0.537
1969-11-01T00:00:00Z,0.683
1969-12-01T00:00:00Z,0.417
1970-01-01T00:00:00Z,0.38
1970-02-01T00:00:00Z,0.432
1970-03-01T00:00:00Z,0.228
1970-04-01T00:00:00Z,0.014
1970-05-01T00:00:00Z,-0.099
1970-06-01T00:00:00Z,-0.636
1970-07-01T00:00:00Z,-1.055
1970-08-01T00:00:00Z,-1.007
1970-09-01T00:00:00Z,-1.226
1970-10-01T00:00:00Z,-1.068
1970-11-01T00:00:00Z,-1.063
1970-12-01T00:00:00Z,-1.203
1971-01-01T00:00:00Z,-1.204
1971-02-01T00:00:00Z,-1.507
1971-03-01T00:00:00Z,-1.79
1971-04-01T00:00:00Z,-1.839
1971-05-01T00:00:00Z,-1.429
1971-06-01T00:00:00Z,-1.42
1971-07-01T00:00:00Z,-1.207
1971-08-01T00:00:00Z,-1.213
1971-09-01T00:00:00Z,-1.439
1971-10-01T00:00:00Z,-1.399
1971-11-01T00:00:00Z,-1.301
1971-12-01T00:00:00Z,-0.969
1972-01-01T00:00:00Z,-0.575
1972-02-01T00:00:00Z,-0.398
1972-03-01T00:00:00Z,-0.256
1972-04-01T00:00:00Z,-0.166
1972-05-01T00:00:00Z,0.423
1972-06-01T00:00:00Z,0.966
1972-07-01T00:00:00Z,1.826
1972-08-01T00:00:00Z,1.8
1972-09-01T00:00:00Z,1.574
1972-10-01T00:00:00Z,1.667
1972-11-01T00:00:00Z,1.74
1972-12-01T00:00:00Z,1.787
1973-01-01T00:00:00Z,1.723
1973-02-01T00:00:00Z,1.515
1973-03-01T00:00:00Z,0.87
1973-04-01T00:00:00Z,0.491
1973-05-01T00:00:00Z,-0.099
1973-06-01T00:00:00Z,-0.758
1973-07-01T00:00:00Z,-1.056
1973-08-01T00:00:00Z,-1.334
1973-09-01T00:00:00Z,-1.712
1973-10-01T00:00:00Z,-1.65
1973-11-01T00:00:00Z,-1.482
1973-12-01T00:00:00Z,-1.826
1974-01-01T00:00:00Z,-1.912
1974-02-01T00:00:00Z,-1.768
1974-03-01T00:00:00Z,-1.743
1974-04-01T00:00:00Z,-1.62
1974-05-01T00:00:00Z,-1.048
1974-06-01T00:00:00Z,-0.694
1974-07-01T00:00:00Z,-0.75
1974-08-01T00:00:00Z,-0.664
1974-09-01T00:00:00Z,-0.599
1974-10-01T00:00:00Z,-1.031
1974-11-01T00:00:00Z,-1.23
1974-12-01T00:00:00Z,-0.886
1975-01-01T00:00:00Z,-0.522
1975-02-01T00:00:00Z,-0.576
1975-03-01T00:00:00Z,-0.85
1975-04-01T00:00:00Z,-0.927
1975-05-01T00:00:00Z,-0.838
1975-06-01T00:00:00Z,-1.148
1975-07-01T00:00:00Z,-1.497
1975-08-01T00:00:00Z,-1.712
1975-09-01T00:00:00Z,-1.853
1975-10-01T00:00:00Z,-1.968
1975-11-01T00:00:00Z,-1.748
1975-12-01T00:00:00Z,-1.732
1976-01-01T00:00:00Z,-1.587
1976-02-01T00:00:00Z,-1.366
1976-03-01T00:00:00Z,-1.213
1976-04-01T00:00:00Z,-1.157
1976-05-01T00:00:00Z,-0.483
1976-06-01T00:00:00Z,0.276
1976-07-01T00:00:00Z,0.633
1976-08-01T00:00:00Z,0.654
1976-09-01T00:00:00Z,1.064
1976-10-01T00:00:00Z,0.978
1976-11-01T00:00:00Z,0.511
1976-12-01T00:00:00Z,0.565
1977-01-01T00:00:00Z,0.529
1977-02-01T00:00:00Z,0.29
1977-03-01T00:00:00Z,0.145
1977-04-01T00:00:00Z,0.552
1977-05-01T00:00:00Z,0.31
1977-06-01T00:00:00Z,0.414
1977-07-01T00:00:00Z,0.888
1977-08-01T00:00:00Z,0.684
1977-09-01T00:00:00Z,0.824
1977-10-01T00:00:00Z,1.016
1977-11-01T00:00:00Z,0.99
1977-12-01T00:00:00Z,0.877
1978-01-01T00:00:00Z,0.777
1978-02-01T00:00:00Z,0.912
1978-03-01T00:00:00Z,0.935
1978-04-01T00:00:00Z,0.199
1978-05-01T00:00:00Z,-0.378
1978-06-01T00:00:00Z,-0.605
1978-07-01T00:00:00Z,-0.42
1978-08-01T00:00:00Z,-0.199
1978-09-01T00:00:00Z,-0.364
1978-10-01T00:00:00Z,0.003
1978-11-01T00:00:00Z,0.203
1978-12-01T00:00:00Z,0.406
1979-01-01T00:00:00Z,0.608
1979-02-01T00:00:00Z,0.379
1979-03-01T00:00:00Z,0.002
1979-04-01T00:00:00Z,0.301
1979-05-01T00:00:00Z,0.374
1979-06-01T00:00:00Z,0.429
1979-07-01T00:00:00Z,0.396
1979-08-01T00:00:00Z,0.615
1979-09-01T00:00:00Z,0.801
1979-10-01T00:00:00Z,0.694
1979-11-01T00:00:00Z,0.759
1979-12-01T00:00:00Z,1.004
1980-01-01T00:00:00Z,0.677
1980-02-01T00:00:00Z,0.601
1980-03-01T00:00:00Z,0.684
1980-04-01T00:00:00Z,0.912
1980-05-01T00:00:00Z,0.958
1980-06-01T00:00:00Z,0.911
1980-07-01T00:00:00Z,0.769
1980-08-01T00:00:00Z,0.329
1980-09-01T00:00:00Z,0.302
1980-10-01T00:00:00Z,0.223
1980-11-01T00:00:00Z,0.27
1980-12-01T00:00:00Z,0.111
1981-01-01T00:00:00Z,-0.25
1981-02-01T00:00:00Z,-0.14
1981-03-01T00:00:00Z,0.455
1981-04-01T00:00:00Z,0.669
1981-05-01T00:00:00Z,0.189
1981-06-01T00:00:00Z,-0.024
1981-07-01T00:00:00Z,-0.026
1981-08-01T00:00:00Z,-0.09
1981-09-01T00:00:00Z,0.209
1981-10-01T00:00:00Z,0.132
1981-11-01T00:00:00Z,-0.021
1981-12-01T00:00:00Z,-0.126
1982-01-01T00:00:00Z,-0.258
1982-02-01T00:00:00Z,-0.125
1982-03-01T00:00:00Z,0.1
1982-04-01T00:00:00Z,0.008
1982-05-01T00:00:00Z,0.443
1982-06-01T00:00:00Z,0.93
1982-07-01T00:00:00Z,1.612
1982-08-01T00:00:00Z,1.778
1982-09-01T00:00:00Z,1.835
1982-10-01T00:00:00Z,2.061
1982-11-01T00:00:00Z,2.441
1982-12-01T00:00:00Z,2.425
1983-01-01T00:00:00Z,2.677
1983-02-01T00:00:00Z,2.931
1983-03-01T00:00:00Z,3.008
1983-04-01T00:00:00Z,2.812
1983-05-01T00:00:00Z,2.498
1983-06-01T00:00:00Z,2.235
1983-07-01T00:00:00Z,1.793
1983-08-01T00:00:00Z,1.159
1983-09-01T00:00:00Z,0.507
1983-10-01T00:00:00Z,0.056
1983-11-01T00:00:00Z,-0.115
1983-12-01T00:00:00Z,-0.17
1984-01-01T00:00:00Z,-0.314
1984-02-01T00:00:00Z,-0.509
1984-03-01T00:00:00Z,0.151
1984-04-01T00:00:00Z,0.39
1984-05-01T00:00:00Z,0.18
1984-06-01T00:00:00Z,-0.049
1984-07-01T00:00:00Z,-0.054
1984-08-01T00:00:00Z,-0.155
1984-09-01T00:00:00Z,-0.085
1984-10-01T00:00:00Z,0.026
1984-11-01T00:00:00Z,-0.332
1984-12-01T00:00:00Z,-0.585
1985-01-01T00:00:00Z,-0.546
1985-02-01T00:00:00Z,-0.576
1985-03-01T00:00:00Z,-0.696
1985-04-01T00:00:00Z,-0.468
1985-05-01T00:00:00Z,-0.706
1985-06-01T00:00:00Z,-0.166
1985-07-01T00:00:00Z,-0.126
1985-08-01T00:00:00Z,-0.365
1985-09-01T00:00:00Z,-0.508
1985-10-01T00:00:00Z,-0.119
1985-11-01T00:00:00Z,-0.042
1985-12-01T00:00:00Z,-0.279
1986-01-01T00:00:00Z,-0.293
1986-02-01T00:00:00Z,-0.183
1986-03-01T00:00:00Z,0.028
1986-04-01T00:00:00Z,-0.107
1986-05-01T00:00:00Z,0.353
1986-06-01T00:00:00Z,0.279
1986-07-01T00:00:00Z,0.401
1986-08-01T00:00:00Z,0.765
1986-09-01T00:00:00Z,1.116
1986-10-01T00:00:00Z,1.002
1986-11-01T00:00:00Z,0.89
1986-12-01T00:00:00Z,1.202
1987-01-01T00:00:00Z,1.249
1987-02-01T00:00:00Z,1.218
1987-03-01T00:00:00Z,1.716
1987-04-01T00:00:00Z,1.855
1987-05-01T00:00:00Z,2.107
1987-06-01T00:00:00Z,1.958
1987-07-01T00:00:00Z,1.878
1987-08-01T00:00:00Z,1.973
1987-09-01T00:00:00Z,1.905
1987-10-01T00:00:00Z,1.671
1987-11-01T00:00:00Z,1.286
1987-12-01T00:00:00Z,1.293
1988-01-01T00:00:00Z,1.115
1988-02-01T00:00:00Z,0.716
1988-03-01T00:00:00Z,0.495
1988-04-01T00:00:00Z,0.389
1988-05-01T00:00:00Z,0.193
1988-06-01T00:00:00Z,-0.582
1988-07-01T00:00:00Z,-1.109
1988-08-01T00:00:00Z,-1.295
1988-09-01T00:00:00Z,-1.501
1988-10-01T00:00:00Z,-1.313
1988-11-01T00:00:00Z,-1.447
1988-12-01T00:00:00Z,-1.311
1989-01-01T00:00:00Z,-1.103
1989-02-01T00:00:00Z,-1.241
1989-03-01T00:00:00Z,-1.035
1989-04-01T00:00:00Z,-0.76
1989-05-01T00:00:00Z,-0.393
1989-06-01T00:00:00Z,-0.242
1989-07-01T00:00:00Z,-0.43
1989-08-01T00:00:00Z,-0.494
1989-09-01T00:00:00Z,-0.287
1989-10-01T00:00:00Z,-0.319
1989-11-01T00:00:00Z,-0.058
1989-12-01T00:00:00Z,0.131
1990-01-01T00:00:00Z,0.243
1990-02-01T00:00:00Z,0.573
1990-03-01T00:00:00Z,0.951
1990-04-01T00:00:00Z,0.46
1990-05-01T00:00:00Z,0.652
1990-06-01T00:00:00Z,0.511
1990-07-01T00:00:00Z,0.147
1990-08-01T00:00:00Z,0.127
1990-09-01T00:00:00Z,0.398
1990-10-01T00:00:00Z,0.303
1990-11-01T00:00:00Z,0.4
1990-12-01T00:00:00Z,0.362
1991-01-01T00:00:00Z,0.319
1991-02-01T00:00:00Z,0.323
1991-03-01T00:00:00Z,0.399
1991-04-01T00:00:00Z,0.449
1991-05-01T00:00:00Z,0.741
1991-06-01T00:00:00Z,1.051
1991-07-01T00:00:00Z,1.044
1991-08-01T00:00:00Z,1.008
1991-09-01T00:00:00Z,0.778
1991-10-01T00:00:00Z,1.031
1991-11-01T00:00:00Z,1.202
1991-12-01T00:00:00Z,1.34
1992-01-01T00:00:00Z,1.747
1992-02-01T00:00:00Z,1.886
1992-03-01T00:00:00Z,1.985
1992-04-01T00:00:00Z,2.247
1992-05-01T00:00:00Z,2.085
1992-06-01T00:00:00Z,1.735
1992-07-01T00:00:00Z,1.045
1992-08-01T00:00:00Z,0.559
1992-09-01T00:00:00Z,0.518
1992-10-01T00:00:00Z,0.663
1992-11-01T00:00:00Z,0.595
1992-12-01T00:00:00Z,0.664
1993-01-01T00:00:00Z,0.692
1993-02-01T00:00:00Z,0.99
1993-03-01T00:00:00Z,0.987
1993-04-01T00:00:00Z,1.408
1993-05-01T00:00:00Z,1.993
1993-06-01T00:00:00Z,1.616
1993-07-01T00:00:00Z,1.204
1993-08-01T00:00:00Z,1.026
1993-09-01T00:00:00Z,1.011
1993-10-01T00:00:00Z,1.09
1993-11-01T00:00:00Z,0.848
1993-12-01T00:00:00Z,0.595
1994-01-01T00:00:00Z,0.352
1994-02-01T00:00:00Z,0.193
1994-03-01T00:00:00Z,0.159
1994-04-01T00:00:00Z,0.465
1994-05-01T00:00:00Z,0.58
1994-06-01T00:00:00Z,0.803
1994-07-01T00:00:00Z,0.904
1994-08-01T00:00:00Z,0.762
1994-09-01T00:00:00Z,0.931
1994-10-01T00:00:00Z,1.437
1994-11-01T00:00:00Z,1.312
1994-12-01T00:00:00Z,1.251
1995-01-01T00:00:00Z,1.219
1995-02-01T00:00:00Z,0.959
1995-03-01T00:00:00Z,0.845
1995-04-01T00:00:00Z,0.453
1995-05-01T00:00:00Z,0.57
1995-06-01T00:00:00Z,0.507
1995-07-01T00:00:00Z,0.234
1995-08-01T00:00:00Z,-0.147
1995-09-01T00:00:00Z,-0.416
1995-10-01T00:00:00Z,-0.461
1995-11-01T00:00:00Z,-0.463
1995-12-01T00:00:00Z,-0.537
1996-01-01T00:00:00Z,-0.597
1996-02-01T00:00:00Z,-0.566
1996-03-01T00:00:00Z,-0.236
1996-04-01T00:00:00Z,-0.391
1996-05-01T00:00:00Z,-0.041
1996-06-01T00:00:00Z,0.087
1996-07-01T00:00:00Z,-0.173
1996-08-01T00:00:00Z,-0.374
1996-09-01T00:00:00Z,-0.426
1996-10-01T00:00:00Z,-0.338
1996-11-01T00:00:00Z,-0.134
1996-12-01T00:00:00Z,-0.325
1997-01-01T00:00:00Z,-0.48
1997-02-01T00:00:00Z,-0.605
1997-03-01T00:00:00Z,-0.248
1997-04-01T00:00:00Z,0.527
1997-05-01T00:00:00Z,1.132
1997-06-01T00:00:00Z,2.275
1997-07-01T00:00:00Z,2.825
1997-08-01T00:00:00Z,3.002
1997-09-01T00:00:00Z,3.057
1997-10-01T00:00:00Z,2.423
1997-11-01T00:00:00Z,2.551
1997-12-01T00:00:00Z,2.344
1998-01-01T00:00:00Z,2.455
1998-02-01T00:00:00Z,2.777
1998-03-01T00:00:00Z,2.751
1998-04-01T00:00:00Z,2.658
1998-05-01T00:00:00Z,2.206
1998-06-01T00:00:00Z,1.336
1998-07-01T00:00:00Z,0.392
1998-08-01T00:00:00Z,-0.336
1998-09-01T00:00:00Z,-0.6
1998-10-01T00:00:00Z,-0.789
1998-11-01T00:00:00Z,-1.069
1998-12-01T00:00:00Z,-0.908
1999-01-01T00:00:00Z,-1.039
1999-02-01T00:00:00Z,-1.123
1999-03-01T00:00:00Z,-0.95
1999-04-01T00:00:00Z,-0.88
1999-05-01T00:00:00Z,-0.596
1999-06-01T00:00:00Z,-0.339
1999-07-01T00:00:00Z,-0.478
1999-08-01T00:00:00Z,-0.739
1999-09-01T00:00:00Z,-0.937
1999-10-01T00:00:00Z,-0.954
1999-11-01T00:00:00Z,-1.031
1999-12-01T00:00:00Z,-1.142
2000-01-01T00:00:00Z,-1.122
2000-02-01T00:00:00Z,-1.189
2000-03-01T00:00:00Z,-1.09
2000-04-01T00:00:00Z,-0.397
2000-05-01T00:00:00Z,0.251
2000-06-01T00:00:00Z,0.001
2000-07-01T00:00:00Z,-0.159
2000-08-01T00:00:00Z,-0.145
2000-09-01T00:00:00Z,-0.21
2000-10-01T00:00:00Z,-0.367
2000-11-01T00:00:00Z,-0.701
2000-12-01T00:00:00Z,-0.55
2001-01-01T00:00:00Z,-0.496
2001-02-01T00:00:00Z,-0.649
2001-03-01T00:00:00Z,-0.548
2001-04-01T00:00:00Z,-0.05
2001-05-01T00:00:00Z,0.282
2001-06-01T00:00:00Z,0.052
2001-07-01T00:00:00Z,0.297
2001-08-01T00:00:00Z,0.332
2001-09-01T00:00:00Z,-0.147
2001-10-01T00:00:00Z,-0.255
2001-11-01T00:00:00Z,-0.138
2001-12-01T00:00:00Z,0.033
2002-01-01T00:00:00Z,0.017
2002-02-01T00:00:00Z,-0.16
2002-03-01T00:00:00Z,-0.118
2002-04-01T00:00:00Z,0.401
2002-05-01T00:00:00Z,0.886
2002-06-01T00:00:00Z,0.932
2002-07-01T00:00:00Z,0.712
2002-08-01T00:00:00Z,1.002
2002-09-01T00:00:00Z,0.921
2002-10-01T00:00:00Z,1.02
2002-11-01T00:00:00Z,1.101
2002-12-01T00:00:00Z,1.156
2003-01-01T00:00:00Z,1.214
2003-02-01T00:00:00Z,0.944
2003-03-01T00:00:00Z,0.83
2003-04-01T00:00:00Z,0.413
2003-05-01T00:00:00Z,0.214
2003-06-01T00:00:00Z,0.107
2003-07-01T00:00:00Z,0.177
2003-08-01T00:00:00Z,0.309
2003-09-01T00:00:00Z,0.492
2003-10-01T00:00:00Z,0.534
2003-11-01T00:00:00Z,0.584
2003-12-01T00:00:00Z,0.362
2004-01-01T00:00:00Z,0.332
2004-02-01T00:00:00Z,0.37
2004-03-01T00:00:00Z,-0.036
2004-04-01T00:00:00Z,0.358
2004-05-01T00:00:00Z,0.558
2004-06-01T00:00:00Z,0.315
2004-07-01T00:00:00Z,0.571
2004-08-01T00:00:00Z,0.617
2004-09-01T00:00:00Z,0.591
2004-10-01T00:00:00Z,0.524
2004-11-01T00:00:00Z,0.818
2004-12-01T00:00:00Z,0.684
2005-01-01T00:00:00Z,0.325
2005-02-01T00:00:00Z,0.816
2005-03-01T00:00:00Z,1.057
2005-04-01T00:00:00Z,0.626
2005-05-01T00:00:00Z,0.885
2005-06-01T00:00:00Z,0.589
2005-07-01T00:00:00Z,0.519
2005-08-01T00:00:00Z,0.343
2005-09-01T00:00:00Z,0.329
2005-10-01T00:00:00Z,-0.152
2005-11-01T00:00:00Z,-0.374
2005-12-01T00:00:00Z,-0.55
2006-01-01T00:00:00Z,-0.428
2006-02-01T00:00:00Z,-0.414
2006-03-01T00:00:00Z,-0.521
2006-04-01T00:00:00Z,-0.571
2006-05-01T00:00:00Z,0.045
2006-06-01T00:00:00Z,0.526
2006-07-01T00:00:00Z,0.716
2006-08-01T00:00:00Z,0.748
2006-09-01T00:00:00Z,0.84
2006-10-01T00:00:00Z,0.976
2006-11-01T00:00:00Z,1.297
2006-12-01T00:00:00Z,0.965
2007-01-01T00:00:00Z,0.985
2007-02-01T00:00:00Z,0.537
2007-03-01T00:00:00Z,0.125
2007-04-01T00:00:00Z,0.026
2007-05-01T00:00:00Z,0.348
2007-06-01T00:00:00Z,-0.155
2007-07-01T00:00:00Z,-0.248
2007-08-01T00:00:00Z,-0.442
2007-09-01T00:00:00Z,-1.175
2007-10-01T00:00:00Z,-1.204
2007-11-01T00:00:00Z,-1.149
2007-12-01T00:00:00Z,-1.178
2008-01-01T00:00:00Z,-1.006
2008-02-01T00:00:00Z,-1.371
2008-03-01T00:00:00Z,-1.552
2008-04-01T00:00:00Z,-0.858
2008-05-01T00:00:00Z,-0.345
2008-06-01T00:00:00Z,0.142
2008-07-01T00:00:00Z,0.088
2008-08-01T00:00:00Z,-0.269
2008-09-01T00:00:00Z,-0.545
2008-10-01T00:00:00Z,-0.681
2008-11-01T00:00:00Z,-0.584
2008-12-01T00:00:00Z,-0.646
2009-01-01T00:00:00Z,-0.714
2009-02-01T00:00:00Z,-0.69
2009-03-01T00:00:00Z,-0.705
2009-04-01T00:00:00Z,-0.106
2009-05-01T00:00:00Z,0.326
2009-06-01T00:00:00Z,0.751
2009-07-01T00:00:00Z,1.06
2009-08-01T00:00:00Z,1.05
2009-09-01T00:00:00Z,0.745
2009-10-01T00:00:00Z,0.924
2009-11-01T00:00:00Z,1.134
2009-12-01T00:00:00Z,1.059
2010-01-01T00:00:00Z,1.066
2010-02-01T00:00:00Z,1.526
2010-03-01T00:00:00Z,1.462
2010-04-01T00:00:00Z,0.978
2010-05-01T00:00:00Z,0.658
2010-06-01T00:00:00Z,-0.228
2010-07-01T00:00:00Z,-1.103
2010-08-01T00:00:00Z,-1.671
2010-09-01T00:00:00Z,-1.86
2010-10-01T00:00:00Z,-1.888
2010-11-01T00:00:00Z,-1.472
2010-12-01T00:00:00Z,-1.558
2011-01-01T00:00:00Z,-1.719
2011-02-01T00:00:00Z,-1.544
2011-03-01T00:00:00Z,-1.554
2011-04-01T00:00:00Z,-1.387
2011-05-01T00:00:00Z,-0.199
2011-06-01T00:00:00Z,-0.003
2011-07-01T00:00:00Z,-0.193
2011-08-01T00:00:00Z,-0.517
2011-09-01T00:00:00Z,-0.751
2011-10-01T00:00:00Z,-0.917
2011-11-01T00:00:00Z,-0.933
2011-12-01T00:00:00Z,-0.945
2012-01-01T00:00:00Z,-0.98
2012-02-01T00:00:00Z,-0.675
2012-03-01T00:00:00Z,-0.382
2012-04-01T00:00:00Z,0.11
2012-05-01T00:00:00Z,0.757
2012-06-01T00:00:00Z,0.842
2012-07-01T00:00:00Z,1.126
2012-08-01T00:00:00Z,0.607
2012-09-01T00:00:00Z,0.351
2012-10-01T00:00:00Z,0.097
2012-11-01T00:00:00Z,0.141
2012-12-01T00:00:00Z,0.111
2013-01-01T00:00:00Z,0.103
2013-02-01T00:00:00Z,-0.068
2013-03-01T00:00:00Z,-0.026
2013-04-01T00:00:00Z,0.09
2013-05-01T00:00:00Z,0.205
2013-06-01T00:00:00Z,-0.094
2013-07-01T00:00:00Z,-0.314
2013-08-01T00:00:00Z,-0.481
2013-09-01T00:00:00Z,-0.125
2013-10-01T00:00:00Z,0.148
2013-11-01T00:00:00Z,-0.042
2013-12-01T00:00:00Z,-0.234
2014-01-01T00:00:00Z,-0.27
2014-02-01T00:00:00Z,-0.259
2014-03-01T00:00:00Z,0.018
2014-04-01T00:00:00Z,0.295
2014-05-01T00:00:00Z,1.001
2014-06-01T00:00:00Z,1.046
2014-07-01T00:00:00Z,0.915
2014-08-01T00:00:00Z,0.937
2014-09-01T00:00:00Z,0.593
2014-10-01T00:00:00Z,0.45
2014-11-01T00:00:00Z,0.773
2014-12-01T00:00:00Z,0.566
2015-01-01T00:00:00Z,0.417
2015-02-01T00:00:00Z,0.464
2015-03-01T00:00:00Z,0.614
2015-04-01T00:00:00Z,0.916
2015-05-01T00:00:00Z,1.583
2015-06-01T00:00:00Z,2.097
2015-07-01T00:00:00Z,1.981
2015-08-01T00:00:00Z,2.334
2015-09-01T00:00:00Z,2.532
2015-10-01T00:00:00Z,2.256
2015-11-01T00:00:00Z,2.3
2015-12-01T00:00:00Z,2.12
2016-01-01T00:00:00Z,2.216
2016-02-01T00:00:00Z,2.17
2016-03-01T00:00:00Z,1.963
2016-04-01T00:00:00Z,2.094
2016-05-01T00:00:00Z,1.752
2016-06-01T00:00:00Z,1.053
2016-07-01T00:00:00Z,0.352
2016-08-01T00:00:00Z,0.167
2016-09-01T00:00:00Z,-0.091
2016-10-01T00:00:00Z,-0.363
2016-11-01T00:00:00Z,-0.197
2016-12-01T00:00:00Z,-0.11
2017-01-01T00:00:00Z,-0.052
2017-02-01T00:00:00Z,-0.043
2017-03-01T00:00:00Z,-0.08
2017-04-01T00:00:00Z,0.744
2017-05-01T00:00:00Z,1.445
2017-06-01T00:00:00Z,1.039
2017-07-01T00:00:00Z,0.456
2017-08-01T00:00:00Z,0.009
2017-09-01T00:00:00Z,-0.449
2017-10-01T00:00:00Z,-0.551
2017-11-01T00:00:00Z,-0.277
2017-12-01T00:00:00Z,-0.576
2018-01-01T00:00:00Z,-0.623
2018-02-01T00:00:00Z,-0.731
2018-03-01T00:00:00Z,-0.502
2018-04-01T00:00:00Z,-0.432
2018-05-01T00:00:00Z,0.465
2018-06-01T00:00:00Z,0.469
2018-07-01T00:00:00Z,0.076
2018-08-01T00:00:00Z,0.132
