time,PDO
UTC,
1900-01-01T00:00:00Z,0.04
1900-02-01T00:00:00Z,1.32
1900-03-01T00:00:00Z,0.49
1900-04-01T00:00:00Z,0.35
1900-05-01T00:00:00Z,0.77
1900-06-01T00:00:00Z,0.65
1900-07-01T00:00:00Z,0.95
1900-08-01T00:00:00Z,0.14
1900-09-01T00:00:00Z,-0.24
1900-10-01T00:00:00Z,0.23
1900-11-01T00:00:00Z,-0.44
1900-12-01T00:00:00Z,1.19
1901-01-01T00:00:00Z,0.79
1901-02-01T00:00:00Z,-0.12
1901-03-01T00:00:00Z,0.35
1901-04-01T00:00:00Z,0.61
1901-05-01T00:00:00Z,-0.42
1901-06-01T00:00:00Z,-0.05
1901-07-01T00:00:00Z,-0.6
1901-08-01T00:00:00Z,-1.2
1901-09-01T00:00:00Z,-0.33
1901-10-01T00:00:00Z,0.16
1901-11-01T00:00:00Z,-0.6
1901-12-01T00:00:00Z,-0.14
1902-01-01T00:00:00Z,0.82
1902-02-01T00:00:00Z,1.58
1902-03-01T00:00:00Z,0.48
1902-04-01T00:00:00Z,1.37
1902-05-01T00:00:00Z,1.09
1902-06-01T00:00:00Z,0.52
1902-07-01T00:00:00Z,1.58
1902-08-01T00:00:00Z,1.57
1902-09-01T00:00:00Z,0.44
1902-10-01T00:00:00Z,0.7
1902-11-01T00:00:00Z,0.16
1902-12-01T00:00:00Z,-1.1
1903-01-01T00:00:00Z,0.86
1903-02-01T00:00:00Z,-0.24
1903-03-01T00:00:00Z,-0.22
1903-04-01T00:00:00Z,-0.5
1903-05-01T00:00:00Z,0.43
1903-06-01T00:00:00Z,0.23
1903-07-01T00:00:00Z,0.4
1903-08-01T00:00:00Z,1.01
1903-09-01T00:00:00Z,-0.24
1903-10-01T00:00:00Z,0.18
1903-11-01T00:00:00Z,0.08
1903-12-01T00:00:00Z,-0.03
1904-01-01T00:00:00Z,0.63
1904-02-01T00:00:00Z,-0.91
1904-03-01T00:00:00Z,-0.71
1904-04-01T00:00:00Z,-0.07
1904-05-01T00:00:00Z,-0.22
1904-06-01T00:00:00Z,-1.53
1904-07-01T00:00:00Z,-1.58
1904-08-01T00:00:00Z,-0.64
1904-09-01T00:00:00Z,0.06
1904-10-01T00:00:00Z,0.43
1904-11-01T00:00:00Z,1.45
1904-12-01T00:00:00Z,0.06
1905-01-01T00:00:00Z,0.73
1905-02-01T00:00:00Z,0.91
1905-03-01T00:00:00Z,1.31
1905-04-01T00:00:00Z,1.59
1905-05-01T00:00:00Z,-0.07
1905-06-01T00:00:00Z,0.69
1905-07-01T00:00:00Z,0.85
1905-08-01T00:00:00Z,1.26
1905-09-01T00:00:00Z,-0.03
1905-10-01T00:00:00Z,-0.15
1905-11-01T00:00:00Z,1.11
1905-12-01T00:00:00Z,-0.5
1906-01-01T00:00:00Z,0.92
1906-02-01T00:00:00Z,1.18
1906-03-01T00:00:00Z,0.83
1906-04-01T00:00:00Z,0.74
1906-05-01T00:00:00Z,0.44
1906-06-01T00:00:00Z,1.24
1906-07-01T00:00:00Z,0.09
1906-08-01T00:00:00Z,-0.53
1906-09-01T00:00:00Z,-0.31
1906-10-01T00:00:00Z,0.08
1906-11-01T00:00:00Z,1.69
1906-12-01T00:00:00Z,-0.54
1907-01-01T00:00:00Z,-0.3
1907-02-01T00:00:00Z,-0.32
1907-03-01T00:00:00Z,-0.19
1907-04-01T00:00:00Z,-0.16
1907-05-01T00:00:00Z,0.16
1907-06-01T00:00:00Z,0.57
1907-07-01T00:00:00Z,0.63
1907-08-01T00:00:00Z,-0.96
1907-09-01T00:00:00Z,-0.23
1907-10-01T00:00:00Z,0.84
1907-11-01T00:00:00Z,0.66
1907-12-01T00:00:00Z,0.72
1908-01-01T00:00:00Z,1.36
1908-02-01T00:00:00Z,1.02
1908-03-01T00:00:00Z,0.67
1908-04-01T00:00:00Z,0.23
1908-05-01T00:00:00Z,0.23
1908-06-01T00:00:00Z,0.41
1908-07-01T00:00:00Z,0.6
1908-08-01T00:00:00Z,-1.04
1908-09-01T00:00:00Z,-0.16
1908-10-01T00:00:00Z,-0.41
1908-11-01T00:00:00Z,0.47
1908-12-01T00:00:00Z,1.16
1909-01-01T00:00:00Z,0.23
1909-02-01T00:00:00Z,1.01
1909-03-01T00:00:00Z,0.54
1909-04-01T00:00:00Z,0.24
1909-05-01T00:00:00Z,-0.39
1909-06-01T00:00:00Z,-0.64
1909-07-01T00:00:00Z,-0.39
1909-08-01T00:00:00Z,-0.68
1909-09-01T00:00:00Z,-0.89
1909-10-01T00:00:00Z,-0.02
1909-11-01T00:00:00Z,-0.4
1909-12-01T00:00:00Z,-0.01
1910-01-01T00:00:00Z,-0.25
1910-02-01T00:00:00Z,-0.7
1910-03-01T00:00:00Z,0.18
1910-04-01T00:00:00Z,-0.37
1910-05-01T00:00:00Z,-0.06
1910-06-01T00:00:00Z,-0.28
1910-07-01T00:00:00Z,0.03
1910-08-01T00:00:00Z,-0.06
1910-09-01T00:00:00Z,0.4
1910-10-01T00:00:00Z,-0.66
1910-11-01T00:00:00Z,0.02
1910-12-01T00:00:00Z,0.84
1911-01-01T00:00:00Z,-1.11
1911-02-01T00:00:00Z,0.0
1911-03-01T00:00:00Z,-0.78
1911-04-01T00:00:00Z,-0.73
1911-05-01T00:00:00Z,0.17
1911-06-01T00:00:00Z,0.02
1911-07-01T00:00:00Z,0.48
1911-08-01T00:00:00Z,0.43
1911-09-01T00:00:00Z,0.29
1911-10-01T00:00:00Z,0.2
1911-11-01T00:00:00Z,-0.86
1911-12-01T00:00:00Z,0.01
1912-01-01T00:00:00Z,-1.72
1912-02-01T00:00:00Z,-0.23
1912-03-01T00:00:00Z,-0.04
1912-04-01T00:00:00Z,-0.38
1912-05-01T00:00:00Z,-0.02
1912-06-01T00:00:00Z,0.77
1912-07-01T00:00:00Z,1.07
1912-08-01T00:00:00Z,-0.84
1912-09-01T00:00:00Z,0.94
1912-10-01T00:00:00Z,0.56
1912-11-01T00:00:00Z,0.74
1912-12-01T00:00:00Z,0.98
1913-01-01T00:00:00Z,-0.03
1913-02-01T00:00:00Z,0.34
1913-03-01T00:00:00Z,0.06
1913-04-01T00:00:00Z,-0.92
1913-05-01T00:00:00Z,0.66
1913-06-01T00:00:00Z,1.43
1913-07-01T00:00:00Z,1.06
1913-08-01T00:00:00Z,1.29
1913-09-01T00:00:00Z,0.73
1913-10-01T00:00:00Z,0.62
1913-11-01T00:00:00Z,0.75
1913-12-01T00:00:00Z,0.9
1914-01-01T00:00:00Z,0.34
1914-02-01T00:00:00Z,-0.29
1914-03-01T00:00:00Z,0.08
1914-04-01T00:00:00Z,1.2
1914-05-01T00:00:00Z,0.11
1914-06-01T00:00:00Z,0.11
1914-07-01T00:00:00Z,-0.21
1914-08-01T00:00:00Z,0.11
1914-09-01T00:00:00Z,-0.34
1914-10-01T00:00:00Z,-0.11
1914-11-01T00:00:00Z,0.03
1914-12-01T00:00:00Z,0.89
1915-01-01T00:00:00Z,-0.41
1915-02-01T00:00:00Z,0.14
1915-03-01T00:00:00Z,-1.22
1915-04-01T00:00:00Z,1.4
1915-05-01T00:00:00Z,0.32
1915-06-01T00:00:00Z,0.99
1915-07-01T00:00:00Z,1.07
1915-08-01T00:00:00Z,0.27
1915-09-01T00:00:00Z,-0.05
1915-10-01T00:00:00Z,-0.43
1915-11-01T00:00:00Z,-0.12
1915-12-01T00:00:00Z,0.17
1916-01-01T00:00:00Z,-0.64
1916-02-01T00:00:00Z,-0.19
1916-03-01T00:00:00Z,-0.11
1916-04-01T00:00:00Z,0.35
1916-05-01T00:00:00Z,0.42
1916-06-01T00:00:00Z,-0.82
1916-07-01T00:00:00Z,-0.78
1916-08-01T00:00:00Z,-0.73
1916-09-01T00:00:00Z,-0.77
1916-10-01T00:00:00Z,-0.22
1916-11-01T00:00:00Z,-0.68
1916-12-01T00:00:00Z,-1.94
1917-01-01T00:00:00Z,-0.79
1917-02-01T00:00:00Z,-0.84
1917-03-01T00:00:00Z,-0.71
1917-04-01T00:00:00Z,-0.34
1917-05-01T00:00:00Z,0.82
1917-06-01T00:00:00Z,-0.03
1917-07-01T00:00:00Z,0.1
1917-08-01T00:00:00Z,-0.22
1917-09-01T00:00:00Z,-0.4
1917-10-01T00:00:00Z,-1.75
1917-11-01T00:00:00Z,-0.34
1917-12-01T00:00:00Z,-0.6
1918-01-01T00:00:00Z,-1.13
1918-02-01T00:00:00Z,-0.66
1918-03-01T00:00:00Z,-1.15
1918-04-01T00:00:00Z,-0.32
1918-05-01T00:00:00Z,-0.33
1918-06-01T00:00:00Z,0.07
1918-07-01T00:00:00Z,0.98
1918-08-01T00:00:00Z,-0.31
1918-09-01T00:00:00Z,-0.59
1918-10-01T00:00:00Z,0.61
1918-11-01T00:00:00Z,0.34
1918-12-01T00:00:00Z,0.86
1919-01-01T00:00:00Z,-1.07
1919-02-01T00:00:00Z,1.31
1919-03-01T00:00:00Z,-0.5
1919-04-01T00:00:00Z,0.08
1919-05-01T00:00:00Z,0.17
1919-06-01T00:00:00Z,-0.71
1919-07-01T00:00:00Z,-0.47
1919-08-01T00:00:00Z,0.38
1919-09-01T00:00:00Z,0.06
1919-10-01T00:00:00Z,-0.42
1919-11-01T00:00:00Z,-0.8
1919-12-01T00:00:00Z,0.76
1920-01-01T00:00:00Z,-1.18
1920-02-01T00:00:00Z,0.06
1920-03-01T00:00:00Z,-0.78
1920-04-01T00:00:00Z,-1.29
1920-05-01T00:00:00Z,-0.97
1920-06-01T00:00:00Z,-1.3
1920-07-01T00:00:00Z,-0.9
1920-08-01T00:00:00Z,-2.21
1920-09-01T00:00:00Z,-1.28
1920-10-01T00:00:00Z,-1.06
1920-11-01T00:00:00Z,-0.26
1920-12-01T00:00:00Z,0.29
1921-01-01T00:00:00Z,-0.66
1921-02-01T00:00:00Z,-0.61
1921-03-01T00:00:00Z,-0.01
1921-04-01T00:00:00Z,-0.93
1921-05-01T00:00:00Z,-0.42
1921-06-01T00:00:00Z,0.4
1921-07-01T00:00:00Z,-0.58
1921-08-01T00:00:00Z,-0.69
1921-09-01T00:00:00Z,-0.78
1921-10-01T00:00:00Z,-0.23
1921-11-01T00:00:00Z,1.92
1921-12-01T00:00:00Z,1.42
1922-01-01T00:00:00Z,1.05
1922-02-01T00:00:00Z,-0.85
1922-03-01T00:00:00Z,0.08
1922-04-01T00:00:00Z,0.43
1922-05-01T00:00:00Z,-0.19
1922-06-01T00:00:00Z,-1.04
1922-07-01T00:00:00Z,-0.82
1922-08-01T00:00:00Z,-0.93
1922-09-01T00:00:00Z,-0.81
1922-10-01T00:00:00Z,0.84
1922-11-01T00:00:00Z,-0.6
1922-12-01T00:00:00Z,0.48
1923-01-01T00:00:00Z,0.75
1923-02-01T00:00:00Z,-0.04
1923-03-01T00:00:00Z,0.49
1923-04-01T00:00:00Z,0.99
1923-05-01T00:00:00Z,-0.2
1923-06-01T00:00:00Z,0.68
1923-07-01T00:00:00Z,1.16
1923-08-01T00:00:00Z,0.84
1923-09-01T00:00:00Z,-0.24
1923-10-01T00:00:00Z,1.1
1923-11-01T00:00:00Z,0.62
1923-12-01T00:00:00Z,-0.36
1924-01-01T00:00:00Z,1.29
1924-02-01T00:00:00Z,0.73
1924-03-01T00:00:00Z,1.13
1924-04-01T00:00:00Z,-0.02
1924-05-01T00:00:00Z,0.36
1924-06-01T00:00:00Z,0.75
1924-07-01T00:00:00Z,-0.55
1924-08-01T00:00:00Z,-0.67
1924-09-01T00:00:00Z,-0.48
1924-10-01T00:00:00Z,-1.25
1924-11-01T00:00:00Z,0.24
1924-12-01T00:00:00Z,0.11
1925-01-01T00:00:00Z,-0.05
1925-02-01T00:00:00Z,-0.14
1925-03-01T00:00:00Z,0.2
1925-04-01T00:00:00Z,0.86
1925-05-01T00:00:00Z,0.79
1925-06-01T00:00:00Z,-1.08
1925-07-01T00:00:00Z,-0.06
1925-08-01T00:00:00Z,-0.86
1925-09-01T00:00:00Z,0.52
1925-10-01T00:00:00Z,0.04
1925-11-01T00:00:00Z,0.88
1925-12-01T00:00:00Z,1.19
1926-01-01T00:00:00Z,0.3
1926-02-01T00:00:00Z,0.98
1926-03-01T00:00:00Z,-0.5
1926-04-01T00:00:00Z,2.1
1926-05-01T00:00:00Z,1.43
1926-06-01T00:00:00Z,2.03
1926-07-01T00:00:00Z,1.05
1926-08-01T00:00:00Z,1.64
1926-09-01T00:00:00Z,1.18
1926-10-01T00:00:00Z,1.65
1926-11-01T00:00:00Z,1.0
1926-12-01T00:00:00Z,1.06
1927-01-01T00:00:00Z,1.07
1927-02-01T00:00:00Z,1.73
1927-03-01T00:00:00Z,0.15
1927-04-01T00:00:00Z,-0.18
1927-05-01T00:00:00Z,0.3
1927-06-01T00:00:00Z,0.69
1927-07-01T00:00:00Z,-0.31
1927-08-01T00:00:00Z,-0.73
1927-09-01T00:00:00Z,-0.41
1927-10-01T00:00:00Z,-0.62
1927-11-01T00:00:00Z,-0.07
1927-12-01T00:00:00Z,0.07
1928-01-01T00:00:00Z,0.96
1928-02-01T00:00:00Z,0.79
1928-03-01T00:00:00Z,0.52
1928-04-01T00:00:00Z,0.81
1928-05-01T00:00:00Z,0.66
1928-06-01T00:00:00Z,0.15
1928-07-01T00:00:00Z,0.3
1928-08-01T00:00:00Z,-0.72
1928-09-01T00:00:00Z,-1.41
1928-10-01T00:00:00Z,-1.31
1928-11-01T00:00:00Z,0.14
1928-12-01T00:00:00Z,0.98
1929-01-01T00:00:00Z,0.97
1929-02-01T00:00:00Z,0.52
1929-03-01T00:00:00Z,0.5
1929-04-01T00:00:00Z,0.55
1929-05-01T00:00:00Z,1.07
1929-06-01T00:00:00Z,0.5
1929-07-01T00:00:00Z,-0.06
1929-08-01T00:00:00Z,-0.69
1929-09-01T00:00:00Z,0.45
1929-10-01T00:00:00Z,-0.21
1929-11-01T00:00:00Z,1.24
1929-12-01T00:00:00Z,-0.03
1930-01-01T00:00:00Z,0.97
1930-02-01T00:00:00Z,-1.06
1930-03-01T00:00:00Z,-0.43
1930-04-01T00:00:00Z,-0.7
1930-05-01T00:00:00Z,0.06
1930-06-01T00:00:00Z,0.58
1930-07-01T00:00:00Z,-0.45
1930-08-01T00:00:00Z,-0.53
1930-09-01T00:00:00Z,-0.2
1930-10-01T00:00:00Z,-0.38
1930-11-01T00:00:00Z,-0.31
1930-12-01T00:00:00Z,1.2
1931-01-01T00:00:00Z,0.08
1931-02-01T00:00:00Z,1.56
1931-03-01T00:00:00Z,1.13
1931-04-01T00:00:00Z,1.28
1931-05-01T00:00:00Z,1.66
1931-06-01T00:00:00Z,0.39
1931-07-01T00:00:00Z,1.49
1931-08-01T00:00:00Z,0.02
1931-09-01T00:00:00Z,-0.01
1931-10-01T00:00:00Z,-0.17
1931-11-01T00:00:00Z,0.34
1931-12-01T00:00:00Z,1.09
1932-01-01T00:00:00Z,-0.26
1932-02-01T00:00:00Z,-0.58
1932-03-01T00:00:00Z,0.51
1932-04-01T00:00:00Z,1.15
1932-05-01T00:00:00Z,0.64
1932-06-01T00:00:00Z,0.1
1932-07-01T00:00:00Z,-0.12
1932-08-01T00:00:00Z,-0.14
1932-09-01T00:00:00Z,-0.4
1932-10-01T00:00:00Z,-0.29
1932-11-01T00:00:00Z,-0.88
1932-12-01T00:00:00Z,0.02
1933-01-01T00:00:00Z,0.29
1933-02-01T00:00:00Z,0.02
1933-03-01T00:00:00Z,0.15
1933-04-01T00:00:00Z,-0.05
1933-05-01T00:00:00Z,-0.5
1933-06-01T00:00:00Z,-0.68
1933-07-01T00:00:00Z,-1.81
1933-08-01T00:00:00Z,-1.56
1933-09-01T00:00:00Z,-2.28
1933-10-01T00:00:00Z,-1.19
1933-11-01T00:00:00Z,0.55
1933-12-01T00:00:00Z,-1.1
1934-01-01T00:00:00Z,0.17
1934-02-01T00:00:00Z,0.68
1934-03-01T00:00:00Z,1.34
1934-04-01T00:00:00Z,1.63
1934-05-01T00:00:00Z,1.23
1934-06-01T00:00:00Z,0.51
1934-07-01T00:00:00Z,0.44
1934-08-01T00:00:00Z,1.54
1934-09-01T00:00:00Z,1.25
1934-10-01T00:00:00Z,2.1
1934-11-01T00:00:00Z,1.63
1934-12-01T00:00:00Z,1.67
1935-01-01T00:00:00Z,1.01
1935-02-01T00:00:00Z,0.79
1935-03-01T00:00:00Z,-0.11
1935-04-01T00:00:00Z,1.1
1935-05-01T00:00:00Z,0.99
1935-06-01T00:00:00Z,1.39
1935-07-01T00:00:00Z,0.68
1935-08-01T00:00:00Z,0.63
1935-09-01T00:00:00Z,0.98
1935-10-01T00:00:00Z,0.21
1935-11-01T00:00:00Z,0.13
1935-12-01T00:00:00Z,1.78
1936-01-01T00:00:00Z,1.79
1936-02-01T00:00:00Z,1.75
1936-03-01T00:00:00Z,1.36
1936-04-01T00:00:00Z,1.32
1936-05-01T00:00:00Z,1.83
1936-06-01T00:00:00Z,2.37
1936-07-01T00:00:00Z,2.57
1936-08-01T00:00:00Z,1.71
1936-09-01T00:00:00Z,0.04
1936-10-01T00:00:00Z,2.1
1936-11-01T00:00:00Z,2.65
1936-12-01T00:00:00Z,1.28
1937-01-01T00:00:00Z,0.0
1937-02-01T00:00:00Z,-0.49
1937-03-01T00:00:00Z,0.38
1937-04-01T00:00:00Z,0.2
1937-05-01T00:00:00Z,0.53
1937-06-01T00:00:00Z,1.75
1937-07-01T00:00:00Z,0.11
1937-08-01T00:00:00Z,-0.35
1937-09-01T00:00:00Z,0.63
1937-10-01T00:00:00Z,0.76
1937-11-01T00:00:00Z,-0.18
1937-12-01T00:00:00Z,0.55
1938-01-01T00:00:00Z,0.5
1938-02-01T00:00:00Z,0.02
1938-03-01T00:00:00Z,0.24
1938-04-01T00:00:00Z,0.27
1938-05-01T00:00:00Z,-0.25
1938-06-01T00:00:00Z,-0.2
1938-07-01T00:00:00Z,-0.21
1938-08-01T00:00:00Z,-0.45
1938-09-01T00:00:00Z,-0.01
1938-10-01T00:00:00Z,0.07
1938-11-01T00:00:00Z,0.48
1938-12-01T00:00:00Z,1.4
1939-01-01T00:00:00Z,1.36
1939-02-01T00:00:00Z,0.07
1939-03-01T00:00:00Z,-0.39
1939-04-01T00:00:00Z,0.45
1939-05-01T00:00:00Z,0.98
1939-06-01T00:00:00Z,1.04
1939-07-01T00:00:00Z,-0.21
1939-08-01T00:00:00Z,-0.74
1939-09-01T00:00:00Z,-1.1
1939-10-01T00:00:00Z,-1.31
1939-11-01T00:00:00Z,-0.88
1939-12-01T00:00:00Z,1.51
1940-01-01T00:00:00Z,2.03
1940-02-01T00:00:00Z,1.74
1940-03-01T00:00:00Z,1.89
1940-04-01T00:00:00Z,2.37
1940-05-01T00:00:00Z,2.32
1940-06-01T00:00:00Z,2.43
1940-07-01T00:00:00Z,2.12
1940-08-01T00:00:00Z,1.4
1940-09-01T00:00:00Z,1.1
1940-10-01T00:00:00Z,1.19
1940-11-01T00:00:00Z,0.68
1940-12-01T00:00:00Z,1.96
1941-01-01T00:00:00Z,2.14
1941-02-01T00:00:00Z,2.07
1941-03-01T00:00:00Z,2.41
1941-04-01T00:00:00Z,1.89
1941-05-01T00:00:00Z,2.25
1941-06-01T00:00:00Z,3.01
1941-07-01T00:00:00Z,2.33
1941-08-01T00:00:00Z,3.31
1941-09-01T00:00:00Z,1.99
1941-10-01T00:00:00Z,1.22
1941-11-01T00:00:00Z,0.4
1941-12-01T00:00:00Z,0.91
1942-01-01T00:00:00Z,1.01
1942-02-01T00:00:00Z,0.79
1942-03-01T00:00:00Z,0.29
1942-04-01T00:00:00Z,0.79
1942-05-01T00:00:00Z,0.84
1942-06-01T00:00:00Z,1.19
1942-07-01T00:00:00Z,0.12
1942-08-01T00:00:00Z,0.44
1942-09-01T00:00:00Z,0.68
1942-10-01T00:00:00Z,0.54
1942-11-01T00:00:00Z,-0.1
1942-12-01T00:00:00Z,-1.0
1943-01-01T00:00:00Z,-0.18
1943-02-01T00:00:00Z,0.02
1943-03-01T00:00:00Z,0.26
1943-04-01T00:00:00Z,1.08
1943-05-01T00:00:00Z,0.43
1943-06-01T00:00:00Z,0.68
1943-07-01T00:00:00Z,-0.36
1943-08-01T00:00:00Z,-0.9
1943-09-01T00:00:00Z,-0.49
1943-10-01T00:00:00Z,-0.04
1943-11-01T00:00:00Z,0.29
1943-12-01T00:00:00Z,0.58
1944-01-01T00:00:00Z,0.18
1944-02-01T00:00:00Z,0.17
1944-03-01T00:00:00Z,0.08
1944-04-01T00:00:00Z,0.72
1944-05-01T00:00:00Z,-0.35
1944-06-01T00:00:00Z,-0.98
1944-07-01T00:00:00Z,-0.4
1944-08-01T00:00:00Z,-0.51
1944-09-01T00:00:00Z,-0.56
1944-10-01T00:00:00Z,-0.4
1944-11-01T00:00:00Z,0.33
1944-12-01T00:00:00Z,0.2
1945-01-01T00:00:00Z,-1.02
1945-02-01T00:00:00Z,0.72
1945-03-01T00:00:00Z,-0.42
1945-04-01T00:00:00Z,-0.4
1945-05-01T00:00:00Z,-0.07
1945-06-01T00:00:00Z,0.56
1945-07-01T00:00:00Z,1.02
1945-08-01T00:00:00Z,0.18
1945-09-01T00:00:00Z,-0.27
1945-10-01T00:00:00Z,0.1
1945-11-01T00:00:00Z,-1.94
1945-12-01T00:00:00Z,-0.74
1946-01-01T00:00:00Z,-0.91
1946-02-01T00:00:00Z,-0.32
1946-03-01T00:00:00Z,-0.41
1946-04-01T00:00:00Z,-0.78
1946-05-01T00:00:00Z,0.5
1946-06-01T00:00:00Z,-0.86
1946-07-01T00:00:00Z,-0.84
1946-08-01T00:00:00Z,-0.36
1946-09-01T00:00:00Z,-0.22
1946-10-01T00:00:00Z,-0.36
1946-11-01T00:00:00Z,-1.48
1946-12-01T00:00:00Z,-0.96
1947-01-01T00:00:00Z,-0.73
1947-02-01T00:00:00Z,-0.29
1947-03-01T00:00:00Z,1.17
1947-04-01T00:00:00Z,0.7
1947-05-01T00:00:00Z,0.37
1947-06-01T00:00:00Z,1.36
1947-07-01T00:00:00Z,0.16
1947-08-01T00:00:00Z,0.3
1947-09-01T00:00:00Z,0.58
1947-10-01T00:00:00Z,0.85
1947-11-01T00:00:00Z,-0.14
1947-12-01T00:00:00Z,1.67
1948-01-01T00:00:00Z,-0.11
1948-02-01T00:00:00Z,-0.74
1948-03-01T00:00:00Z,-0.03
1948-04-01T00:00:00Z,-1.33
1948-05-01T00:00:00Z,-0.23
1948-06-01T00:00:00Z,0.08
1948-07-01T00:00:00Z,-0.92
1948-08-01T00:00:00Z,-1.56
1948-09-01T00:00:00Z,-1.74
1948-10-01T00:00:00Z,-1.32
1948-11-01T00:00:00Z,-0.89
1948-12-01T00:00:00Z,-1.7
1949-01-01T00:00:00Z,-2.01
1949-02-01T00:00:00Z,-3.6
1949-03-01T00:00:00Z,-1.0
1949-04-01T00:00:00Z,-0.53
1949-05-01T00:00:00Z,-1.07
1949-06-01T00:00:00Z,-0.7
1949-07-01T00:00:00Z,-0.56
1949-08-01T00:00:00Z,-1.3
1949-09-01T00:00:00Z,-0.93
1949-10-01T00:00:00Z,-1.41
1949-11-01T00:00:00Z,-0.83
1949-12-01T00:00:00Z,-0.8
1950-01-01T00:00:00Z,-2.13
1950-02-01T00:00:00Z,-2.91
1950-03-01T00:00:00Z,-1.13
1950-04-01T00:00:00Z,-1.2
1950-05-01T00:00:00Z,-2.23
1950-06-01T00:00:00Z,-1.77
1950-07-01T00:00:00Z,-2.93
1950-08-01T00:00:00Z,-0.7
1950-09-01T00:00:00Z,-2.14
1950-10-01T00:00:00Z,-1.36
1950-11-01T00:00:00Z,-2.46
1950-12-01T00:00:00Z,-0.76
1951-01-01T00:00:00Z,-1.54
1951-02-01T00:00:00Z,-1.06
1951-03-01T00:00:00Z,-1.9
1951-04-01T00:00:00Z,-0.36
1951-05-01T00:00:00Z,-0.25
1951-06-01T00:00:00Z,-1.09
1951-07-01T00:00:00Z,0.7
1951-08-01T00:00:00Z,-1.37
1951-09-01T00:00:00Z,-0.08
1951-10-01T00:00:00Z,-0.32
1951-11-01T00:00:00Z,-0.28
1951-12-01T00:00:00Z,-1.68
1952-01-01T00:00:00Z,-2.01
1952-02-01T00:00:00Z,-0.46
1952-03-01T00:00:00Z,-0.63
1952-04-01T00:00:00Z,-1.05
1952-05-01T00:00:00Z,-1.0
1952-06-01T00:00:00Z,-1.43
1952-07-01T00:00:00Z,-1.25
1952-08-01T00:00:00Z,-0.6
1952-09-01T00:00:00Z,-0.89
1952-10-01T00:00:00Z,-0.35
1952-11-01T00:00:00Z,-0.76
1952-12-01T00:00:00Z,0.04
1953-01-01T00:00:00Z,-0.57
1953-02-01T00:00:00Z,-0.07
1953-03-01T00:00:00Z,-1.12
1953-04-01T00:00:00Z,0.05
1953-05-01T00:00:00Z,0.43
1953-06-01T00:00:00Z,0.29
1953-07-01T00:00:00Z,0.74
1953-08-01T00:00:00Z,0.05
1953-09-01T00:00:00Z,-0.63
1953-10-01T00:00:00Z,-1.09
1953-11-01T00:00:00Z,-0.03
1953-12-01T00:00:00Z,0.07
1954-01-01T00:00:00Z,-1.32
1954-02-01T00:00:00Z,-1.61
1954-03-01T00:00:00Z,-0.52
1954-04-01T00:00:00Z,-1.33
1954-05-01T00:00:00Z,0.01
1954-06-01T00:00:00Z,0.97
1954-07-01T00:00:00Z,0.43
1954-08-01T00:00:00Z,0.08
1954-09-01T00:00:00Z,-0.94
1954-10-01T00:00:00Z,0.52
1954-11-01T00:00:00Z,0.72
1954-12-01T00:00:00Z,-0.5
1955-01-01T00:00:00Z,0.2
1955-02-01T00:00:00Z,-1.52
1955-03-01T00:00:00Z,-1.26
1955-04-01T00:00:00Z,-1.97
1955-05-01T00:00:00Z,-1.21
1955-06-01T00:00:00Z,-2.44
1955-07-01T00:00:00Z,-2.35
1955-08-01T00:00:00Z,-2.25
1955-09-01T00:00:00Z,-1.95
1955-10-01T00:00:00Z,-2.8
1955-11-01T00:00:00Z,-3.08
1955-12-01T00:00:00Z,-2.75
1956-01-01T00:00:00Z,-2.48
1956-02-01T00:00:00Z,-2.74
1956-03-01T00:00:00Z,-2.56
1956-04-01T00:00:00Z,-2.17
1956-05-01T00:00:00Z,-1.41
1956-06-01T00:00:00Z,-1.7
1956-07-01T00:00:00Z,-1.03
1956-08-01T00:00:00Z,-1.16
1956-09-01T00:00:00Z,-0.71
1956-10-01T00:00:00Z,-2.3
1956-11-01T00:00:00Z,-2.11
1956-12-01T00:00:00Z,-1.28
1957-01-01T00:00:00Z,-1.82
1957-02-01T00:00:00Z,-0.68
1957-03-01T00:00:00Z,0.03
1957-04-01T00:00:00Z,-0.58
1957-05-01T00:00:00Z,0.57
1957-06-01T00:00:00Z,1.76
1957-07-01T00:00:00Z,0.72
1957-08-01T00:00:00Z,0.51
1957-09-01T00:00:00Z,1.59
1957-10-01T00:00:00Z,1.5
1957-11-01T00:00:00Z,-0.32
1957-12-01T00:00:00Z,-0.55
1958-01-01T00:00:00Z,0.25
1958-02-01T00:00:00Z,0.62
1958-03-01T00:00:00Z,0.25
1958-04-01T00:00:00Z,1.06
1958-05-01T00:00:00Z,1.28
1958-06-01T00:00:00Z,1.33
1958-07-01T00:00:00Z,0.89
1958-08-01T00:00:00Z,1.06
1958-09-01T00:00:00Z,0.29
1958-10-01T00:00:00Z,0.01
1958-11-01T00:00:00Z,-0.18
1958-12-01T00:00:00Z,0.86
1959-01-01T00:00:00Z,0.69
1959-02-01T00:00:00Z,-0.43
1959-03-01T00:00:00Z,-0.95
1959-04-01T00:00:00Z,-0.02
1959-05-01T00:00:00Z,0.23
1959-06-01T00:00:00Z,0.44
1959-07-01T00:00:00Z,-0.5
1959-08-01T00:00:00Z,-0.62
1959-09-01T00:00:00Z,-0.85
1959-10-01T00:00:00Z,0.52
1959-11-01T00:00:00Z,1.11
1959-12-01T00:00:00Z,0.06
1960-01-01T00:00:00Z,0.3
1960-02-01T00:00:00Z,0.52
1960-03-01T00:00:00Z,-0.21
1960-04-01T00:00:00Z,0.09
1960-05-01T00:00:00Z,0.91
1960-06-01T00:00:00Z,0.64
1960-07-01T00:00:00Z,-0.27
1960-08-01T00:00:00Z,-0.38
1960-09-01T00:00:00Z,-0.94
1960-10-01T00:00:00Z,0.09
1960-11-01T00:00:00Z,-0.23
1960-12-01T00:00:00Z,0.17
1961-01-01T00:00:00Z,1.18
1961-02-01T00:00:00Z,0.43
1961-03-01T00:00:00Z,0.09
1961-04-01T00:00:00Z,0.34
1961-05-01T00:00:00Z,-0.06
1961-06-01T00:00:00Z,-0.61
1961-07-01T00:00:00Z,-1.22
1961-08-01T00:00:00Z,-1.13
1961-09-01T00:00:00Z,-2.01
1961-10-01T00:00:00Z,-2.28
1961-11-01T00:00:00Z,-1.85
1961-12-01T00:00:00Z,-2.69
1962-01-01T00:00:00Z,-1.29
1962-02-01T00:00:00Z,-1.15
1962-03-01T00:00:00Z,-1.42
1962-04-01T00:00:00Z,-0.8
1962-05-01T00:00:00Z,-1.22
1962-06-01T00:00:00Z,-1.62
1962-07-01T00:00:00Z,-1.46
1962-08-01T00:00:00Z,-0.48
1962-09-01T00:00:00Z,-1.58
1962-10-01T00:00:00Z,-1.55
1962-11-01T00:00:00Z,-0.37
1962-12-01T00:00:00Z,-0.96
1963-01-01T00:00:00Z,-0.33
1963-02-01T00:00:00Z,-0.16
1963-03-01T00:00:00Z,-0.54
1963-04-01T00:00:00Z,-0.41
1963-05-01T00:00:00Z,-0.65
1963-06-01T00:00:00Z,-0.88
1963-07-01T00:00:00Z,-1.0
1963-08-01T00:00:00Z,-1.03
1963-09-01T00:00:00Z,0.45
1963-10-01T00:00:00Z,-0.52
1963-11-01T00:00:00Z,-2.08
1963-12-01T00:00:00Z,-1.08
1964-01-01T00:00:00Z,0.01
1964-02-01T00:00:00Z,-0.21
1964-03-01T00:00:00Z,-0.87
1964-04-01T00:00:00Z,-1.03
1964-05-01T00:00:00Z,-1.91
1964-06-01T00:00:00Z,-0.32
1964-07-01T00:00:00Z,-0.51
1964-08-01T00:00:00Z,-1.03
1964-09-01T00:00:00Z,-0.68
1964-10-01T00:00:00Z,-0.37
1964-11-01T00:00:00Z,-0.8
1964-12-01T00:00:00Z,-1.52
1965-01-01T00:00:00Z,-1.24
1965-02-01T00:00:00Z,-1.16
1965-03-01T00:00:00Z,0.04
1965-04-01T00:00:00Z,0.62
1965-05-01T00:00:00Z,-0.66
1965-06-01T00:00:00Z,-0.8
1965-07-01T00:00:00Z,-0.47
1965-08-01T00:00:00Z,0.2
1965-09-01T00:00:00Z,0.59
1965-10-01T00:00:00Z,-0.36
1965-11-01T00:00:00Z,-0.59
1965-12-01T00:00:00Z,0.06
1966-01-01T00:00:00Z,-0.82
1966-02-01T00:00:00Z,-0.03
1966-03-01T00:00:00Z,-1.29
1966-04-01T00:00:00Z,0.06
1966-05-01T00:00:00Z,-0.53
1966-06-01T00:00:00Z,0.16
1966-07-01T00:00:00Z,0.26
1966-08-01T00:00:00Z,-0.35
1966-09-01T00:00:00Z,-0.33
1966-10-01T00:00:00Z,-1.17
1966-11-01T00:00:00Z,-1.15
1966-12-01T00:00:00Z,-0.32
1967-01-01T00:00:00Z,-0.2
1967-02-01T00:00:00Z,-0.18
1967-03-01T00:00:00Z,-1.2
1967-04-01T00:00:00Z,-0.89
1967-05-01T00:00:00Z,-1.24
1967-06-01T00:00:00Z,-1.16
1967-07-01T00:00:00Z,-0.89
1967-08-01T00:00:00Z,-1.24
1967-09-01T00:00:00Z,-0.72
1967-10-01T00:00:00Z,-0.64
1967-11-01T00:00:00Z,-0.05
1967-12-01T00:00:00Z,-0.4
1968-01-01T00:00:00Z,-0.95
1968-02-01T00:00:00Z,-0.4
1968-03-01T00:00:00Z,-0.31
1968-04-01T00:00:00Z,-1.03
1968-05-01T00:00:00Z,-0.53
1968-06-01T00:00:00Z,-0.35
1968-07-01T00:00:00Z,0.53
1968-08-01T00:00:00Z,0.19
1968-09-01T00:00:00Z,0.06
1968-10-01T00:00:00Z,-0.34
1968-11-01T00:00:00Z,-0.44
1968-12-01T00:00:00Z,-1.27
1969-01-01T00:00:00Z,-1.26
1969-02-01T00:00:00Z,-0.95
1969-03-01T00:00:00Z,-0.5
1969-04-01T00:00:00Z,-0.44
1969-05-01T00:00:00Z,-0.2
1969-06-01T00:00:00Z,0.89
1969-07-01T00:00:00Z,0.1
1969-08-01T00:00:00Z,-0.81
1969-09-01T00:00:00Z,-0.66
1969-10-01T00:00:00Z,1.12
1969-11-01T00:00:00Z,0.15
1969-12-01T00:00:00Z,1.38
1970-01-01T00:00:00Z,0.61
1970-02-01T00:00:00Z,0.43
1970-03-01T00:00:00Z,1.33
1970-04-01T00:00:00Z,0.43
1970-05-01T00:00:00Z,-0.49
1970-06-01T00:00:00Z,0.06
1970-07-01T00:00:00Z,-0.68
1970-08-01T00:00:00Z,-1.63
1970-09-01T00:00:00Z,-1.67
1970-10-01T00:00:00Z,-1.39
1970-11-01T00:00:00Z,-0.8
1970-12-01T00:00:00Z,-0.97
1971-01-01T00:00:00Z,-1.9
1971-02-01T00:00:00Z,-1.74
1971-03-01T00:00:00Z,-1.68
1971-04-01T00:00:00Z,-1.59
1971-05-01T00:00:00Z,-1.55
1971-06-01T00:00:00Z,-1.55
1971-07-01T00:00:00Z,-2.2
1971-08-01T00:00:00Z,-0.15
1971-09-01T00:00:00Z,0.21
1971-10-01T00:00:00Z,-0.22
1971-11-01T00:00:00Z,-1.25
1971-12-01T00:00:00Z,-1.87
1972-01-01T00:00:00Z,-1.99
1972-02-01T00:00:00Z,-1.83
1972-03-01T00:00:00Z,-2.09
1972-04-01T00:00:00Z,-1.65
1972-05-01T00:00:00Z,-1.57
1972-06-01T00:00:00Z,-1.87
1972-07-01T00:00:00Z,-0.83
1972-08-01T00:00:00Z,0.25
1972-09-01T00:00:00Z,0.17
1972-10-01T00:00:00Z,0.11
1972-11-01T00:00:00Z,0.57
1972-12-01T00:00:00Z,-0.33
1973-01-01T00:00:00Z,-0.46
1973-02-01T00:00:00Z,-0.61
1973-03-01T00:00:00Z,-0.5
1973-04-01T00:00:00Z,-0.69
1973-05-01T00:00:00Z,-0.76
1973-06-01T00:00:00Z,-0.97
1973-07-01T00:00:00Z,-0.57
1973-08-01T00:00:00Z,-1.14
1973-09-01T00:00:00Z,-0.51
1973-10-01T00:00:00Z,-0.87
1973-11-01T00:00:00Z,-1.81
1973-12-01T00:00:00Z,-0.76
1974-01-01T00:00:00Z,-1.22
1974-02-01T00:00:00Z,-1.65
1974-03-01T00:00:00Z,-0.9
1974-04-01T00:00:00Z,-0.52
1974-05-01T00:00:00Z,-0.28
1974-06-01T00:00:00Z,-0.31
1974-07-01T00:00:00Z,-0.08
1974-08-01T00:00:00Z,0.27
1974-09-01T00:00:00Z,0.44
1974-10-01T00:00:00Z,-0.1
1974-11-01T00:00:00Z,0.43
1974-12-01T00:00:00Z,-0.12
1975-01-01T00:00:00Z,-0.84
1975-02-01T00:00:00Z,-0.71
1975-03-01T00:00:00Z,-0.51
1975-04-01T00:00:00Z,-1.3
1975-05-01T00:00:00Z,-1.02
1975-06-01T00:00:00Z,-1.16
1975-07-01T00:00:00Z,-0.4
1975-08-01T00:00:00Z,-1.07
1975-09-01T00:00:00Z,-1.23
1975-10-01T00:00:00Z,-1.29
1975-11-01T00:00:00Z,-2.08
1975-12-01T00:00:00Z,-1.61
1976-01-01T00:00:00Z,-1.14
1976-02-01T00:00:00Z,-1.85
1976-03-01T00:00:00Z,-0.96
1976-04-01T00:00:00Z,-0.89
1976-05-01T00:00:00Z,-0.68
1976-06-01T00:00:00Z,-0.67
1976-07-01T00:00:00Z,0.61
1976-08-01T00:00:00Z,1.28
1976-09-01T00:00:00Z,0.82
1976-10-01T00:00:00Z,1.11
1976-11-01T00:00:00Z,1.25
1976-12-01T00:00:00Z,1.22
1977-01-01T00:00:00Z,1.65
1977-02-01T00:00:00Z,1.11
1977-03-01T00:00:00Z,0.72
1977-04-01T00:00:00Z,0.3
1977-05-01T00:00:00Z,0.31
1977-06-01T00:00:00Z,0.42
1977-07-01T00:00:00Z,0.19
1977-08-01T00:00:00Z,0.64
1977-09-01T00:00:00Z,-0.55
1977-10-01T00:00:00Z,-0.61
1977-11-01T00:00:00Z,-0.72
1977-12-01T00:00:00Z,-0.69
1978-01-01T00:00:00Z,0.34
1978-02-01T00:00:00Z,1.45
1978-03-01T00:00:00Z,1.34
1978-04-01T00:00:00Z,1.29
1978-05-01T00:00:00Z,0.9
1978-06-01T00:00:00Z,0.15
1978-07-01T00:00:00Z,-1.24
1978-08-01T00:00:00Z,-0.56
1978-09-01T00:00:00Z,-0.44
1978-10-01T00:00:00Z,0.1
1978-11-01T00:00:00Z,-0.07
1978-12-01T00:00:00Z,-0.43
1979-01-01T00:00:00Z,-0.58
1979-02-01T00:00:00Z,-1.33
1979-03-01T00:00:00Z,0.3
1979-04-01T00:00:00Z,0.89
1979-05-01T00:00:00Z,1.09
1979-06-01T00:00:00Z,0.17
1979-07-01T00:00:00Z,0.84
1979-08-01T00:00:00Z,0.52
1979-09-01T00:00:00Z,1.0
1979-10-01T00:00:00Z,1.06
1979-11-01T00:00:00Z,0.48
1979-12-01T00:00:00Z,-0.42
1980-01-01T00:00:00Z,-0.11
1980-02-01T00:00:00Z,1.32
1980-03-01T00:00:00Z,1.09
1980-04-01T00:00:00Z,1.49
1980-05-01T00:00:00Z,1.2
1980-06-01T00:00:00Z,-0.22
1980-07-01T00:00:00Z,0.23
1980-08-01T00:00:00Z,0.51
1980-09-01T00:00:00Z,0.1
1980-10-01T00:00:00Z,1.35
1980-11-01T00:00:00Z,0.37
1980-12-01T00:00:00Z,-0.1
1981-01-01T00:00:00Z,0.59
1981-02-01T00:00:00Z,1.46
1981-03-01T00:00:00Z,0.99
1981-04-01T00:00:00Z,1.45
1981-05-01T00:00:00Z,1.75
1981-06-01T00:00:00Z,1.69
1981-07-01T00:00:00Z,0.84
1981-08-01T00:00:00Z,0.18
1981-09-01T00:00:00Z,0.42
1981-10-01T00:00:00Z,0.18
1981-11-01T00:00:00Z,0.8
1981-12-01T00:00:00Z,0.67
1982-01-01T00:00:00Z,0.34
1982-02-01T00:00:00Z,0.2
1982-03-01T00:00:00Z,0.19
1982-04-01T00:00:00Z,-0.19
1982-05-01T00:00:00Z,-0.58
1982-06-01T00:00:00Z,-0.78
1982-07-01T00:00:00Z,0.58
1982-08-01T00:00:00Z,0.39
1982-09-01T00:00:00Z,0.84
1982-10-01T00:00:00Z,0.37
1982-11-01T00:00:00Z,-0.25
1982-12-01T00:00:00Z,0.26
1983-01-01T00:00:00Z,0.56
1983-02-01T00:00:00Z,1.14
1983-03-01T00:00:00Z,2.11
1983-04-01T00:00:00Z,1.87
1983-05-01T00:00:00Z,1.8
1983-06-01T00:00:00Z,2.36
1983-07-01T00:00:00Z,3.51
1983-08-01T00:00:00Z,1.85
1983-09-01T00:00:00Z,0.91
1983-10-01T00:00:00Z,0.96
1983-11-01T00:00:00Z,1.02
1983-12-01T00:00:00Z,1.69
1984-01-01T00:00:00Z,1.5
1984-02-01T00:00:00Z,1.21
1984-03-01T00:00:00Z,1.77
1984-04-01T00:00:00Z,1.52
1984-05-01T00:00:00Z,1.3
1984-06-01T00:00:00Z,0.18
1984-07-01T00:00:00Z,-0.18
1984-08-01T00:00:00Z,-0.03
1984-09-01T00:00:00Z,0.67
1984-10-01T00:00:00Z,0.58
1984-11-01T00:00:00Z,0.71
1984-12-01T00:00:00Z,0.82
1985-01-01T00:00:00Z,1.27
1985-02-01T00:00:00Z,0.94
1985-03-01T00:00:00Z,0.57
1985-04-01T00:00:00Z,0.19
1985-05-01T00:00:00Z,0.0
1985-06-01T00:00:00Z,0.18
1985-07-01T00:00:00Z,1.07
1985-08-01T00:00:00Z,0.81
1985-09-01T00:00:00Z,0.44
1985-10-01T00:00:00Z,0.29
1985-11-01T00:00:00Z,-0.75
1985-12-01T00:00:00Z,0.38
1986-01-01T00:00:00Z,1.12
1986-02-01T00:00:00Z,1.61
1986-03-01T00:00:00Z,2.18
1986-04-01T00:00:00Z,1.55
1986-05-01T00:00:00Z,1.16
1986-06-01T00:00:00Z,0.89
1986-07-01T00:00:00Z,1.38
1986-08-01T00:00:00Z,0.22
1986-09-01T00:00:00Z,0.22
1986-10-01T00:00:00Z,1.0
1986-11-01T00:00:00Z,1.77
1986-12-01T00:00:00Z,1.77
1987-01-01T00:00:00Z,1.88
1987-02-01T00:00:00Z,1.75
1987-03-01T00:00:00Z,2.1
1987-04-01T00:00:00Z,2.16
1987-05-01T00:00:00Z,1.85
1987-06-01T00:00:00Z,0.73
1987-07-01T00:00:00Z,2.01
1987-08-01T00:00:00Z,2.83
1987-09-01T00:00:00Z,2.44
1987-10-01T00:00:00Z,1.36
1987-11-01T00:00:00Z,1.47
1987-12-01T00:00:00Z,1.27
1988-01-01T00:00:00Z,0.93
1988-02-01T00:00:00Z,1.24
1988-03-01T00:00:00Z,1.42
1988-04-01T00:00:00Z,0.94
1988-05-01T00:00:00Z,1.2
1988-06-01T00:00:00Z,0.74
1988-07-01T00:00:00Z,0.64
1988-08-01T00:00:00Z,0.19
1988-09-01T00:00:00Z,-0.37
1988-10-01T00:00:00Z,-0.1
1988-11-01T00:00:00Z,-0.02
1988-12-01T00:00:00Z,-0.43
1989-01-01T00:00:00Z,-0.95
1989-02-01T00:00:00Z,-1.02
1989-03-01T00:00:00Z,-0.83
1989-04-01T00:00:00Z,-0.32
1989-05-01T00:00:00Z,0.47
1989-06-01T00:00:00Z,0.36
1989-07-01T00:00:00Z,0.83
1989-08-01T00:00:00Z,0.09
1989-09-01T00:00:00Z,0.05
1989-10-01T00:00:00Z,-0.12
1989-11-01T00:00:00Z,-0.5
1989-12-01T00:00:00Z,-0.21
1990-01-01T00:00:00Z,-0.3
1990-02-01T00:00:00Z,-0.65
1990-03-01T00:00:00Z,-0.62
1990-04-01T00:00:00Z,0.27
1990-05-01T00:00:00Z,0.44
1990-06-01T00:00:00Z,0.44
1990-07-01T00:00:00Z,0.27
1990-08-01T00:00:00Z,0.11
1990-09-01T00:00:00Z,0.38
1990-10-01T00:00:00Z,-0.69
1990-11-01T00:00:00Z,-1.69
1990-12-01T00:00:00Z,-2.23
1991-01-01T00:00:00Z,-2.02
1991-02-01T00:00:00Z,-1.19
1991-03-01T00:00:00Z,-0.74
1991-04-01T00:00:00Z,-1.01
1991-05-01T00:00:00Z,-0.51
1991-06-01T00:00:00Z,-1.47
1991-07-01T00:00:00Z,-0.1
1991-08-01T00:00:00Z,0.36
1991-09-01T00:00:00Z,0.65
1991-10-01T00:00:00Z,0.49
1991-11-01T00:00:00Z,0.42
1991-12-01T00:00:00Z,0.09
1992-01-01T00:00:00Z,0.05
1992-02-01T00:00:00Z,0.31
1992-03-01T00:00:00Z,0.67
1992-04-01T00:00:00Z,0.75
1992-05-01T00:00:00Z,1.54
1992-06-01T00:00:00Z,1.26
1992-07-01T00:00:00Z,1.9
1992-08-01T00:00:00Z,1.44
1992-09-01T00:00:00Z,0.83
1992-10-01T00:00:00Z,0.93
1992-11-01T00:00:00Z,0.93
1992-12-01T00:00:00Z,0.53
1993-01-01T00:00:00Z,0.05
1993-02-01T00:00:00Z,0.19
1993-03-01T00:00:00Z,0.76
1993-04-01T00:00:00Z,1.21
1993-05-01T00:00:00Z,2.13
1993-06-01T00:00:00Z,2.34
1993-07-01T00:00:00Z,2.35
1993-08-01T00:00:00Z,2.69
1993-09-01T00:00:00Z,1.56
1993-10-01T00:00:00Z,1.41
1993-11-01T00:00:00Z,1.24
1993-12-01T00:00:00Z,1.07
1994-01-01T00:00:00Z,1.21
1994-02-01T00:00:00Z,0.59
1994-03-01T00:00:00Z,0.8
1994-04-01T00:00:00Z,1.05
1994-05-01T00:00:00Z,1.23
1994-06-01T00:00:00Z,0.46
1994-07-01T00:00:00Z,0.06
1994-08-01T00:00:00Z,-0.79
1994-09-01T00:00:00Z,-1.36
1994-10-01T00:00:00Z,-1.32
1994-11-01T00:00:00Z,-1.96
1994-12-01T00:00:00Z,-1.79
1995-01-01T00:00:00Z,-0.49
1995-02-01T00:00:00Z,0.46
1995-03-01T00:00:00Z,0.75
1995-04-01T00:00:00Z,0.83
1995-05-01T00:00:00Z,1.46
1995-06-01T00:00:00Z,1.27
1995-07-01T00:00:00Z,1.71
1995-08-01T00:00:00Z,0.21
1995-09-01T00:00:00Z,1.16
1995-10-01T00:00:00Z,0.47
1995-11-01T00:00:00Z,-0.28
1995-12-01T00:00:00Z,0.16
1996-01-01T00:00:00Z,0.59
1996-02-01T00:00:00Z,0.75
1996-03-01T00:00:00Z,1.01
1996-04-01T00:00:00Z,1.46
1996-05-01T00:00:00Z,2.18
1996-06-01T00:00:00Z,1.1
1996-07-01T00:00:00Z,0.77
1996-08-01T00:00:00Z,-0.14
1996-09-01T00:00:00Z,0.24
1996-10-01T00:00:00Z,-0.33
1996-11-01T00:00:00Z,0.09
1996-12-01T00:00:00Z,-0.03
1997-01-01T00:00:00Z,0.23
1997-02-01T00:00:00Z,0.28
1997-03-01T00:00:00Z,0.65
1997-04-01T00:00:00Z,1.05
1997-05-01T00:00:00Z,1.83
1997-06-01T00:00:00Z,2.76
1997-07-01T00:00:00Z,2.35
1997-08-01T00:00:00Z,2.79
1997-09-01T00:00:00Z,2.19
1997-10-01T00:00:00Z,1.61
1997-11-01T00:00:00Z,1.12
1997-12-01T00:00:00Z,0.67
1998-01-01T00:00:00Z,0.83
1998-02-01T00:00:00Z,1.56
1998-03-01T00:00:00Z,2.01
1998-04-01T00:00:00Z,1.27
1998-05-01T00:00:00Z,0.7
1998-06-01T00:00:00Z,0.4
1998-07-01T00:00:00Z,-0.04
1998-08-01T00:00:00Z,-0.22
1998-09-01T00:00:00Z,-1.21
1998-10-01T00:00:00Z,-1.39
1998-11-01T00:00:00Z,-0.52
1998-12-01T00:00:00Z,-0.44
1999-01-01T00:00:00Z,-0.32
1999-02-01T00:00:00Z,-0.66
1999-03-01T00:00:00Z,-0.33
1999-04-01T00:00:00Z,-0.41
1999-05-01T00:00:00Z,-0.68
1999-06-01T00:00:00Z,-1.3
1999-07-01T00:00:00Z,-0.66
1999-08-01T00:00:00Z,-0.96
1999-09-01T00:00:00Z,-1.53
1999-10-01T00:00:00Z,-2.23
1999-11-01T00:00:00Z,-2.05
1999-12-01T00:00:00Z,-1.63
2000-01-01T00:00:00Z,-2.0
2000-02-01T00:00:00Z,-0.83
2000-03-01T00:00:00Z,0.29
2000-04-01T00:00:00Z,0.35
2000-05-01T00:00:00Z,-0.05
2000-06-01T00:00:00Z,-0.44
2000-07-01T00:00:00Z,-0.66
2000-08-01T00:00:00Z,-1.19
2000-09-01T00:00:00Z,-1.24
2000-10-01T00:00:00Z,-1.3
2000-11-01T00:00:00Z,-0.53
2000-12-01T00:00:00Z,0.52
2001-01-01T00:00:00Z,0.6
2001-02-01T00:00:00Z,0.29
2001-03-01T00:00:00Z,0.45
2001-04-01T00:00:00Z,-0.31
2001-05-01T00:00:00Z,-0.3
2001-06-01T00:00:00Z,-0.47
2001-07-01T00:00:00Z,-1.31
2001-08-01T00:00:00Z,-0.77
2001-09-01T00:00:00Z,-1.37
2001-10-01T00:00:00Z,-1.37
2001-11-01T00:00:00Z,-1.26
2001-12-01T00:00:00Z,-0.93
2002-01-01T00:00:00Z,0.27
2002-02-01T00:00:00Z,-0.64
2002-03-01T00:00:00Z,-0.43
2002-04-01T00:00:00Z,-0.32
2002-05-01T00:00:00Z,-0.63
2002-06-01T00:00:00Z,-0.35
2002-07-01T00:00:00Z,-0.31
2002-08-01T00:00:00Z,0.6
2002-09-01T00:00:00Z,0.43
2002-10-01T00:00:00Z,0.42
2002-11-01T00:00:00Z,1.51
2002-12-01T00:00:00Z,2.1
2003-01-01T00:00:00Z,2.09
2003-02-01T00:00:00Z,1.75
2003-03-01T00:00:00Z,1.51
2003-04-01T00:00:00Z,1.18
2003-05-01T00:00:00Z,0.89
2003-06-01T00:00:00Z,0.68
2003-07-01T00:00:00Z,0.96
2003-08-01T00:00:00Z,0.88
2003-09-01T00:00:00Z,0.01
2003-10-01T00:00:00Z,0.83
2003-11-01T00:00:00Z,0.52
2003-12-01T00:00:00Z,0.33
2004-01-01T00:00:00Z,0.43
2004-02-01T00:00:00Z,0.48
2004-03-01T00:00:00Z,0.61
2004-04-01T00:00:00Z,0.57
2004-05-01T00:00:00Z,0.88
2004-06-01T00:00:00Z,0.04
2004-07-01T00:00:00Z,0.44
2004-08-01T00:00:00Z,0.85
2004-09-01T00:00:00Z,0.75
2004-10-01T00:00:00Z,-0.11
2004-11-01T00:00:00Z,-0.63
2004-12-01T00:00:00Z,-0.17
2005-01-01T00:00:00Z,0.44
2005-02-01T00:00:00Z,0.81
2005-03-01T00:00:00Z,1.36
2005-04-01T00:00:00Z,1.03
2005-05-01T00:00:00Z,1.86
2005-06-01T00:00:00Z,1.17
2005-07-01T00:00:00Z,0.66
2005-08-01T00:00:00Z,0.25
2005-09-01T00:00:00Z,-0.46
2005-10-01T00:00:00Z,-1.32
2005-11-01T00:00:00Z,-1.5
2005-12-01T00:00:00Z,0.2
2006-01-01T00:00:00Z,1.03
2006-02-01T00:00:00Z,0.66
2006-03-01T00:00:00Z,0.05
2006-04-01T00:00:00Z,0.4
2006-05-01T00:00:00Z,0.48
2006-06-01T00:00:00Z,1.04
2006-07-01T00:00:00Z,0.35
2006-08-01T00:00:00Z,-0.65
2006-09-01T00:00:00Z,-0.94
2006-10-01T00:00:00Z,-0.05
2006-11-01T00:00:00Z,-0.22
2006-12-01T00:00:00Z,0.14
2007-01-01T00:00:00Z,0.01
2007-02-01T00:00:00Z,0.04
2007-03-01T00:00:00Z,-0.36
2007-04-01T00:00:00Z,0.16
2007-05-01T00:00:00Z,-0.1
2007-06-01T00:00:00Z,0.09
2007-07-01T00:00:00Z,0.78
2007-08-01T00:00:00Z,0.5
2007-09-01T00:00:00Z,-0.36
2007-10-01T00:00:00Z,-1.45
2007-11-01T00:00:00Z,-1.08
2007-12-01T00:00:00Z,-0.58
2008-01-01T00:00:00Z,-1.0
2008-02-01T00:00:00Z,-0.77
2008-03-01T00:00:00Z,-0.71
2008-04-01T00:00:00Z,-1.52
2008-05-01T00:00:00Z,-1.37
2008-06-01T00:00:00Z,-1.34
2008-07-01T00:00:00Z,-1.67
2008-08-01T00:00:00Z,-1.7
2008-09-01T00:00:00Z,-1.55
2008-10-01T00:00:00Z,-1.76
2008-11-01T00:00:00Z,-1.25
2008-12-01T00:00:00Z,-0.87
2009-01-01T00:00:00Z,-1.4
2009-02-01T00:00:00Z,-1.55
2009-03-01T00:00:00Z,-1.59
2009-04-01T00:00:00Z,-1.65
2009-05-01T00:00:00Z,-0.88
2009-06-01T00:00:00Z,-0.31
2009-07-01T00:00:00Z,-0.53
2009-08-01T00:00:00Z,0.09
2009-09-01T00:00:00Z,0.52
2009-10-01T00:00:00Z,0.27
2009-11-01T00:00:00Z,-0.4
2009-12-01T00:00:00Z,0.08
2010-01-01T00:00:00Z,0.83
2010-02-01T00:00:00Z,0.82
2010-03-01T00:00:00Z,0.44
2010-04-01T00:00:00Z,0.78
2010-05-01T00:00:00Z,0.62
2010-06-01T00:00:00Z,-0.22
2010-07-01T00:00:00Z,-1.05
2010-08-01T00:00:00Z,-1.27
2010-09-01T00:00:00Z,-1.61
2010-10-01T00:00:00Z,-1.06
2010-11-01T00:00:00Z,-0.82
2010-12-01T00:00:00Z,-1.21
2011-01-01T00:00:00Z,-0.92
2011-02-01T00:00:00Z,-0.83
2011-03-01T00:00:00Z,-0.69
2011-04-01T00:00:00Z,-0.42
2011-05-01T00:00:00Z,-0.37
2011-06-01T00:00:00Z,-0.69
2011-07-01T00:00:00Z,-1.86
2011-08-01T00:00:00Z,-1.74
2011-09-01T00:00:00Z,-1.79
2011-10-01T00:00:00Z,-1.34
2011-11-01T00:00:00Z,-2.33
2011-12-01T00:00:00Z,-1.79
2012-01-01T00:00:00Z,-1.38
2012-02-01T00:00:00Z,-0.85
2012-03-01T00:00:00Z,-1.05
2012-04-01T00:00:00Z,-0.27
2012-05-01T00:00:00Z,-1.26
2012-06-01T00:00:00Z,-0.87
2012-07-01T00:00:00Z,-1.52
2012-08-01T00:00:00Z,-1.93
2012-09-01T00:00:00Z,-2.21
2012-10-01T00:00:00Z,-0.79
2012-11-01T00:00:00Z,-0.59
2012-12-01T00:00:00Z,-0.48
2013-01-01T00:00:00Z,-0.13
2013-02-01T00:00:00Z,-0.43
2013-03-01T00:00:00Z,-0.63
2013-04-01T00:00:00Z,-0.16
2013-05-01T00:00:00Z,0.08
2013-06-01T00:00:00Z,-0.78
2013-07-01T00:00:00Z,-1.25
2013-08-01T00:00:00Z,-1.04
2013-09-01T00:00:00Z,-0.48
2013-10-01T00:00:00Z,-0.87
2013-11-01T00:00:00Z,-0.11
2013-12-01T00:00:00Z,-0.41
2014-01-01T00:00:00Z,0.3
2014-02-01T00:00:00Z,0.38
2014-03-01T00:00:00Z,0.97
2014-04-01T00:00:00Z,1.13
2014-05-01T00:00:00Z,1.8
2014-06-01T00:00:00Z,0.82
2014-07-01T00:00:00Z,0.7
2014-08-01T00:00:00Z,0.67
2014-09-01T00:00:00Z,1.08
2014-10-01T00:00:00Z,1.49
2014-11-01T00:00:00Z,1.72
2014-12-01T00:00:00Z,2.51
2015-01-01T00:00:00Z,2.45
2015-02-01T00:00:00Z,2.3
2015-03-01T00:00:00Z,2.0
2015-04-01T00:00:00Z,1.44
2015-05-01T00:00:00Z,1.2
2015-06-01T00:00:00Z,1.54
2015-07-01T00:00:00Z,1.84
2015-08-01T00:00:00Z,1.56
2015-09-01T00:00:00Z,1.94
2015-10-01T00:00:00Z,1.47
2015-11-01T00:00:00Z,0.86
2015-12-01T00:00:00Z,1.01
2016-01-01T00:00:00Z,1.53
2016-02-01T00:00:00Z,1.75
2016-03-01T00:00:00Z,2.4
2016-04-01T00:00:00Z,2.62
2016-05-01T00:00:00Z,2.35
2016-06-01T00:00:00Z,2.03
2016-07-01T00:00:00Z,1.25
2016-08-01T00:00:00Z,0.52
2016-09-01T00:00:00Z,0.45
2016-10-01T00:00:00Z,0.56
2016-11-01T00:00:00Z,1.88
2016-12-01T00:00:00Z,1.17
2017-01-01T00:00:00Z,0.77
2017-02-01T00:00:00Z,0.7
2017-03-01T00:00:00Z,0.74
2017-04-01T00:00:00Z,1.12
2017-05-01T00:00:00Z,0.88
2017-06-01T00:00:00Z,0.79
2017-07-01T00:00:00Z,0.1
2017-08-01T00:00:00Z,0.09
2017-09-01T00:00:00Z,0.32
2017-10-01T00:00:00Z,0.05
2017-11-01T00:00:00Z,0.15
2017-12-01T00:00:00Z,0.5
2018-01-01T00:00:00Z,0.7
2018-02-01T00:00:00Z,0.37
2018-03-01T00:00:00Z,-0.05
2018-04-01T00:00:00Z,0.11
2018-05-01T00:00:00Z,0.11
2018-06-01T00:00:00Z,-0.04
